bib_key	entry_type	used_in_tex	authors	year	title	container	publisher_or_institution	volume	number	pages	doi	url	isbn	eprint	bib_note	source_link	download_status	downloaded_file_path	manual_reason	english_tex_locations	chinese_tex_locations	english_citation_sentences	chinese_citation_sentences	english_reference_meaning	chinese_reference_meaning	verification_notes
HeywoodICE	Book	false	Heywood, John B.	1988	Internal Combustion Engine Fundamentals		McGraw-Hill						978-0070286375				manual_required		No DOI or URL is present in the BibTeX entry; manual lookup is required.					Present in the bibliography as a general internal-combustion-engine reference, but it is not currently cited in the thesis text.	该文献目前只存在于参考文献库中，作为内燃机基础背景书目；正文尚未实际引用它。	No machine-resolvable link in BibTeX.
Linne2013SprayImaging	Article	true	Linne, M.	2013	Imaging in the optically dense regions of a spray: A review of developing techniques	Progress in Energy and Combustion Science		39	5	403-440	10.1016/j.pecs.2013.06.001					https://doi.org/10.1016/j.pecs.2013.06.001	manual_required		No clearly legal open PDF/HTML download was found automatically; use the DOI/URL manually or through institutional access if needed.	thesis.tex:77 || thesis.tex:139 || thesis.tex:141 || thesis.tex:145 || thesis.tex:147 || thesis.tex:360 || thesis.tex:542	thesis_zh.tex:91 || thesis_zh.tex:155 || thesis_zh.tex:157 || thesis_zh.tex:161 || thesis_zh.tex:163 || thesis_zh.tex:378 || thesis_zh.tex:380 || thesis_zh.tex:560	On the modeling side, empirical correlations, phenomenological formulations, and CFD-based methods are commonly used to describe spray development \cite{Linne2013SprayImaging,HiroyasuArai1990,NaberSiebers1996,liu2020sprayreview}. || Mie scattering is useful for visualizing dense liquid sprays because it offers high temporal resolution and comparatively simple experimental implementation \cite{Linne2013SprayImaging}. || The scattering response depends on droplet size, refractive index, wavelength, and viewing geometry, while dense regions introduce multiple scattering and shadowing \cite{BohrenHuffman2004,Linne2013SprayImaging}. || Operational observables such as penetration, cone angle, projected area, and boundary location are therefore more defensible than claims about exact liquid distribution \cite{Linne2013SprayImaging,LefebvreMcDonell2017}. || Mie scattering is sensitive to forward and side scattering from liquid droplets, and thus provides high contrast at the liquid-phase boundary, making it well suited for extracting penetration depth and cone angle \cite{Linne2013SprayImaging}. || Mie imaging also exhibits a characteristic multiple-scattering effect: in the dense liquid-core region near the nozzle, multiple scattering and internal shadowing elevate the local intensity while producing little sharp directional structure, resulting in a diffuse halo rather than a clean plume boundary \cite{BohrenHuffman2004,Linne2013SprayImaging}. || This sequence is important for Mie videos because the raw intensity is not a direct measure of liquid volume fraction, and because the practical objective is stable geometry extraction under non-uniform illumination, glare, and background texture rather than exact optical inversion \cite{BohrenHuffman2004,Linne2013SprayImaging,GonzalezWoodsDIP}. || These metrics matter because they turn each aligned strip into a compact geometric state vector; however, the downstream modeling in this thesis remains focused on penetration, which is the best-supported target in the archived notebooks \cite{Linne2013SprayImaging,LefebvreMcDonell2017}.	建模方面，经验关联式、现象学模型以及基于 CFD 的方法常用于描述喷雾发展 \cite{Linne2013SprayImaging,HiroyasuArai1990,NaberSiebers1996,liu2020sprayreview}。 || Mie 散射适合用于可视化致密液相喷雾，因为它具有较高的时间分辨率，实验实现也相对简单 \cite{Linne2013SprayImaging}。 || 散射响应取决于液滴尺寸、折射率、波长和观测几何，而在致密区域中还会出现多重散射和阴影效应 \cite{BohrenHuffman2004,Linne2013SprayImaging}。 || 相较于声称获得精确液相分布，穿深、锥角、投影面积和边界位置这类操作性观测量更具可辩护性 \cite{Linne2013SprayImaging,LefebvreMcDonell2017}。 || Mie 散射的信号来自液相液滴的前向和侧向散射，因此对液相边界位置具有很高的敏感性，适合于液相穿深和液相锥角的提取 \cite{Linne2013SprayImaging}。 || Mie 成像中存在一个特征性的多重散射问题：在靠近喷嘴的稠密液相区域，多次散射和内部遮蔽效应导致局部强度场整体抬高，形成亮度增加但几乎没有锐利方向结构的光晕区 \cite{BohrenHuffman2004,Linne2013SprayImaging}。 || 这个序列对Mie视频很重要，因为原始强度不是液体体积分数的直接度量，而且实际目标是在非均匀照明、眩光和背景纹理下稳定几何提取，而不是精确的光学反演\cite{BohrenHuffman2004,Linne2013SprayImaging,GonzalezWoodsDIP}。 || 这就是为什么实现的流程使用来自预注入统计的鲁棒背景估计，然后将表示转换为边缘主导的Sobel特征，其几何响应比原始亮度幅度更稳定\cite{BohrenHuffman2004,Linne2013SprayImaging,GonzalezWoodsDIP}。 || 这些度量很重要，因为它们将每个对齐条带转换为紧凑的几何状态向量；然而，本论文中的下游建模仍然专注于穿深，这是存档笔记本中最支持的目标\cite{Linne2013SprayImaging,LefebvreMcDonell2017}。	Supports the limits and usefulness of optical spray imaging and Mie-scattering diagnostics for extracting liquid-envelope observables.	用于支撑光学喷雾成像和 Mie 散射诊断的适用性及局限，说明液相包络只能作为操作性观测量解释。	Checked direct URL, arXiv when applicable, and OpenAlex OA metadata.
BohrenHuffman2004	Book	true	Bohren, Craig F. and Huffman, Donald R.	2004	Absorption and Scattering of Light by Small Particles		Wiley-VCH						9783527409969				manual_required		No DOI or URL is present in the BibTeX entry; manual lookup is required.	thesis.tex:139 || thesis.tex:147 || thesis.tex:177 || thesis.tex:360	thesis_zh.tex:155 || thesis_zh.tex:163 || thesis_zh.tex:193 || thesis_zh.tex:378 || thesis_zh.tex:380	The scattering response depends on droplet size, refractive index, wavelength, and viewing geometry, while dense regions introduce multiple scattering and shadowing \cite{BohrenHuffman2004,Linne2013SprayImaging}. || Mie imaging also exhibits a characteristic multiple-scattering effect: in the dense liquid-core region near the nozzle, multiple scattering and internal shadowing elevate the local intensity while producing little sharp directional structure, resulting in a diffuse halo rather than a clean plume boundary \cite{BohrenHuffman2004,Linne2013SprayImaging}. || Under high injection pressures, cavitation inside the nozzle can further alter the internal jet structure and affect atomization characteristics in ways that classical penetration correlations do not explicitly capture \cite{BohrenHuffman2004}. || This sequence is important for Mie videos because the raw intensity is not a direct measure of liquid volume fraction, and because the practical objective is stable geometry extraction under non-uniform illumination, glare, and background texture rather than exact optical inversion \cite{BohrenHuffman2004,Linne2013SprayImaging,GonzalezWoodsDIP}.	散射响应取决于液滴尺寸、折射率、波长和观测几何，而在致密区域中还会出现多重散射和阴影效应 \cite{BohrenHuffman2004,Linne2013SprayImaging}。 || Mie 成像中存在一个特征性的多重散射问题：在靠近喷嘴的稠密液相区域，多次散射和内部遮蔽效应导致局部强度场整体抬高，形成亮度增加但几乎没有锐利方向结构的光晕区 \cite{BohrenHuffman2004,Linne2013SprayImaging}。 || 此外，在高压喷射条件下，喷嘴内腔的高速液流可能诱发空化，改变出口射流的内部结构和雾化特性，但这一效应通常未被经典穿深关联式所显式考虑 \cite{BohrenHuffman2004}。 || 这个序列对Mie视频很重要，因为原始强度不是液体体积分数的直接度量，而且实际目标是在非均匀照明、眩光和背景纹理下稳定几何提取，而不是精确的光学反演\cite{BohrenHuffman2004,Linne2013SprayImaging,GonzalezWoodsDIP}。 || 这就是为什么实现的流程使用来自预注入统计的鲁棒背景估计，然后将表示转换为边缘主导的Sobel特征，其几何响应比原始亮度幅度更稳定\cite{BohrenHuffman2004,Linne2013SprayImaging,GonzalezWoodsDIP}。	Provides the scattering-physics basis for explaining why Mie intensity is not a direct liquid-volume-fraction measurement.	用于说明散射物理基础，支撑 Mie 强度不能直接等同于液体体积分数的论述。	No machine-resolvable link in BibTeX.
LefebvreMcDonell2017	Book	true	Lefebvre, Arthur H. and McDonell, Vincent G.	2017	Atomization and Sprays		CRC Press						9781498736251				manual_required		No DOI or URL is present in the BibTeX entry; manual lookup is required.	thesis.tex:141 || thesis.tex:542	thesis_zh.tex:157 || thesis_zh.tex:560	Operational observables such as penetration, cone angle, projected area, and boundary location are therefore more defensible than claims about exact liquid distribution \cite{Linne2013SprayImaging,LefebvreMcDonell2017}. || These metrics matter because they turn each aligned strip into a compact geometric state vector; however, the downstream modeling in this thesis remains focused on penetration, which is the best-supported target in the archived notebooks \cite{Linne2013SprayImaging,LefebvreMcDonell2017}.	相较于声称获得精确液相分布，穿深、锥角、投影面积和边界位置这类操作性观测量更具可辩护性 \cite{Linne2013SprayImaging,LefebvreMcDonell2017}。 || 这些度量很重要，因为它们将每个对齐条带转换为紧凑的几何状态向量；然而，本论文中的下游建模仍然专注于穿深，这是存档笔记本中最支持的目标\cite{Linne2013SprayImaging,LefebvreMcDonell2017}。	Supports the use of penetration, cone angle, projected area, and boundary location as practical spray descriptors.	用于支持把穿深、锥角、投影面积和边界位置作为喷雾工程描述量的做法。	No machine-resolvable link in BibTeX.
Dent1971Penetration	Article	true	Dent, J. C.	1971	A Basis for the Comparison of Various Experimental Methods for Studying Spray Penetration	SAE Technical Paper			710571		10.4271/710571					https://doi.org/10.4271/710571	manual_required		No clearly legal open PDF/HTML download was found automatically; use the DOI/URL manually or through institutional access if needed.	thesis.tex:141 || thesis.tex:515	thesis_zh.tex:202 || thesis_zh.tex:274 || thesis_zh.tex:668	In diesel spray research, penetration and cone angle remain standard descriptors precisely because they are interpretable and comparatively robust across controlled experimental campaigns \cite{Dent1971Penetration,HiroyasuArai1990,NaberSiebers1996}. || This CDF front is one of the main practical contributions of the workflow: it is much less sensitive to broken leading-edge pixels than a naive max-index definition, while still producing a penetration quantity aligned with standard diesel-spray usage \cite{Dent1971Penetration,HiroyasuArai1990,NaberSiebers1996}.	在柴油喷雾研究中，穿深和锥角之所以长期作为标准描述符，正是因为它们可解释，并且在受控实验研究中相对稳健 \cite{Dent1971Penetration,HiroyasuArai1990,NaberSiebers1996}。 || 相比之下，本文采用的 CDF 前沿把穿深建立在逐喷油束整体前景支持分布之上，使结果不再由单个最远前景像素主导，而更接近“主要液相包络推进到何处”的几何含义 \cite{MagnottiGenzale2013,JohnsonNaberLee2012,Dent1971Penetration,HiroyasuArai1990,NaberSiebers1996}。 || 这个CDF前沿是工作流的主要实用贡献：它比朴素的最大索引定义对断裂的边缘像素不那么敏感，同时仍然产生与标准柴油喷雾使用对齐的穿深量\cite{Dent1971Penetration,HiroyasuArai1990,NaberSiebers1996}。	Anchors the thesis use of spray penetration as a standard diesel-spray comparison metric.	用于支撑柴油喷雾研究中以穿深作为标准比较指标的传统依据。	Checked direct URL, arXiv when applicable, and OpenAlex OA metadata.
HiroyasuArai1990	Article	true	Hiroyasu, Hiro and Arai, Masataka	1990	Structures of Fuel Sprays in Diesel Engines	SAE Technical Paper			900475		10.4271/900475					https://doi.org/10.4271/900475	manual_required		No clearly legal open PDF/HTML download was found automatically; use the DOI/URL manually or through institutional access if needed.	thesis.tex:77 || thesis.tex:101 || thesis.tex:141 || thesis.tex:157 || thesis.tex:177 || thesis.tex:515 || thesis.tex:580 || thesis.tex:608	thesis_zh.tex:93 || thesis_zh.tex:134 || thesis_zh.tex:202 || thesis_zh.tex:217 || thesis_zh.tex:230 || thesis_zh.tex:274 || thesis_zh.tex:668 || thesis_zh.tex:733 || thesis_zh.tex:761	On the modeling side, empirical correlations, phenomenological formulations, and CFD-based methods are commonly used to describe spray development \cite{Linne2013SprayImaging,HiroyasuArai1990,NaberSiebers1996,liu2020sprayreview}. || To assess whether the surrogate adds value beyond available analytical approximations, predicted penetration trends are also placed in the context of classical scaling-law references such as the Hiroyasu--Arai two-stage model \cite{HiroyasuArai1990}, allowing the data-driven output to be interpreted against a physically grounded baseline. || In diesel spray research, penetration and cone angle remain standard descriptors precisely because they are interpretable and comparatively robust across controlled experimental campaigns \cite{Dent1971Penetration,HiroyasuArai1990,NaberSiebers1996}. || In simplified proportional form, \[ S_{\mathrm{tip}}(t)\propto \begin{cases} t, & t<t_b,\\ t^{1/2}, & t\ge t_b, \end{cases} \] where \(t_b\) is the breakup time and the prefactors depend on pressure difference, nozzle diameter, and fluid properties \cite{HiroyasuArai1990}. || In a common-rail injection system, the needle-valve opening and closing events are finite-time mechanical transients: before the needle is fully lifted, the effective flow area through the nozzle varies with time, directly affecting the instantaneous injection rate and the near-nozzle flow field \cite{StumppRicco1996,HiroyasuArai1990}. || This CDF front is one of the main practical contributions of the workflow: it is much less sensitive to broken leading-edge pixels than a naive max-index definition, while still producing a penetration quantity aligned with standard diesel-spray usage \cite{Dent1971Penetration,HiroyasuArai1990,NaberSiebers1996}. || It is a reduced-order, data-driven adaptation of the regime-change viewpoint used in diesel spray-penetration literature: Hiroyasu and Arai describe spray development in terms of changing penetration behavior across stages \cite{HiroyasuArai1990}, and later work on start-of-injection transients shows that short injections are difficult to represent well with one rigid empirical expression over the entire trace \cite{ZhouLiYi2021}. || The v2 surrogate replaces the four weakly supported pressure and diameter inputs with a single hard scaling group derived from the Hiroyasu--Arai post-breakup branch \cite{HiroyasuArai1990}.	建模方面，经验关联式、现象学模型以及基于 CFD 的方法常用于描述喷雾发展 \cite{Linne2013SprayImaging,HiroyasuArai1990,NaberSiebers1996,liu2020sprayreview}。 || 为评估 surrogate 是否在现有解析近似之外提供了额外价值，本文还将预测穿深趋势与 Hiroyasu--Arai 两段式模型等经典标度律参考值并置比较 \cite{HiroyasuArai1990}，从而在有物理基础的基准之上解读数据驱动输出。 || 在柴油喷雾研究中，穿深和锥角之所以长期作为标准描述符，正是因为它们可解释，并且在受控实验研究中相对稳健 \cite{Dent1971Penetration,HiroyasuArai1990,NaberSiebers1996}。 || 在简化比例形式中， [ S_{\mathrm{tip}}(t)\propto \begin{cases} t, & t<t_b,\ t^{1/2}, & t\ge t_b, \end{cases} ] 其中\(t_b\)是破碎时间，前因子取决于压力差、喷嘴直径和流体特性\cite{HiroyasuArai1990}。 || 共轨喷射系统中，针阀的开启与关闭过程是有限时间的机械瞬态：在针阀完全抬起之前，有效喷嘴流通截面随时间变化，直接影响即时喷射率和近嘴处的流场结构 \cite{StumppRicco1996,HiroyasuArai1990}。 || 相比之下，本文采用的 CDF 前沿把穿深建立在逐喷油束整体前景支持分布之上，使结果不再由单个最远前景像素主导，而更接近“主要液相包络推进到何处”的几何含义 \cite{MagnottiGenzale2013,JohnsonNaberLee2012,Dent1971Penetration,HiroyasuArai1990,NaberSiebers1996}。 || 这个CDF前沿是工作流的主要实用贡献：它比朴素的最大索引定义对断裂的边缘像素不那么敏感，同时仍然产生与标准柴油喷雾使用对齐的穿深量\cite{Dent1971Penetration,HiroyasuArai1990,NaberSiebers1996}。 || 它是柴油喷雾穿深文献中使用的分阶段变化观点的降阶、数据驱动适应：Hiroyasu和Arai描述喷雾发展在不同阶段的穿深行为变化\cite{HiroyasuArai1990}，后来关于起始注入瞬态的工作表明，短注入很难用一个刚性经验表达式在整个轨迹上表示\cite{ZhouLiYi2021}。 || v2 代理模型将四个弱支持的压力和直径输入替换为一个来自 Hiroyasu--Arai 破碎后分支的硬物理缩放群 \cite{HiroyasuArai1990}。	Provides the classical two-stage diesel-spray scaling law used as a physical baseline and as motivation for the surrogate scaling group.	提供经典两阶段柴油喷雾缩放关系，作为物理基线并支撑代理模型中的缩放群构造。	Checked direct URL, arXiv when applicable, and OpenAlex OA metadata.
ZhouLiYi2021	Article	true	Zhou, Xinyi and Li, Tie and Yi, Ping	2021	Modeling of Diesel Spray Tip Penetration During Start-of-Injection Transients	International Journal of Engine Research		22	9	3013-3029	10.1177/1468087420957852					https://doi.org/10.1177/1468087420957852	manual_required		No clearly legal open PDF/HTML download was found automatically; use the DOI/URL manually or through institutional access if needed.	thesis.tex:157 || thesis.tex:218 || thesis.tex:246 || thesis.tex:580	thesis_zh.tex:173 || thesis_zh.tex:234 || thesis_zh.tex:262 || thesis_zh.tex:598	In that study, the SOI stages were found to scale approximately as \(t^{3/2}\) initially, then \(t^{3/4}\), and only later approach the more familiar \(t^{1/2}\) behavior \cite{ZhouLiYi2021}. || This role is especially relevant for short pilot injections, where start-of-injection and end-of-injection transients already complicate the raw signal shape \cite{ZhouLiYi2021,ZhouLiLaiWei2019}. || Zhou et al.\ already show that short-injection penetration behavior is strongly transient and regime-dependent near SOI \cite{ZhouLiYi2021}; in the current project, those unresolved perturbations are not modeled mechanistically one by one, so it is reasonable to treat their combined effect as an input-dependent residual distribution whose variance changes with operating condition and time. || It is a reduced-order, data-driven adaptation of the regime-change viewpoint used in diesel spray-penetration literature: Hiroyasu and Arai describe spray development in terms of changing penetration behavior across stages \cite{HiroyasuArai1990}, and later work on start-of-injection transients shows that short injections are difficult to represent well with one rigid empirical expression over the entire trace \cite{ZhouLiYi2021}.	在该研究中，SOI阶段被发现大约以\(t^{3/2}\)最初，然后\(t^{3/4}\)，只有后来接近更熟悉的\(t^{1/2}\)行为\cite{ZhouLiYi2021}。 || 这个角色在短预喷注入中尤其重要，因为起始注入和结束注入瞬态已经使原始信号形状复杂化\cite{ZhouLiYi2021,ZhouLiLaiWei2019}。 || Zhou等人已经表明，短注入穿深行为在SOI附近强烈瞬态和阶段依赖\cite{ZhouLiYi2021}；在当前项目中，这些未建模的扰动不是逐一机械地建模，因此合理地将它们的组合效应视为输入依赖残差分布，其方差随工况和时间变化。 || 它是柴油喷雾穿深文献中使用的分阶段变化观点的降阶、数据驱动适应：Hiroyasu和Arai描述喷雾发展在不同阶段的穿深行为变化\cite{HiroyasuArai1990}，后来关于起始注入瞬态的工作表明，短注入很难用一个刚性经验表达式在整个轨迹上表示\cite{ZhouLiYi2021}。	Supports the claim that start-of-injection transients can deviate from a rigid classical penetration law during short pilot injections.	用于说明短预喷中的起始注入瞬态会偏离单一经典穿深定律。	Checked direct URL, arXiv when applicable, and OpenAlex OA metadata.
ZhouLiLaiWei2019	Article	true	Zhou, Xinyi and Li, Tie and Lai, Zheyuan and Wei, Yijie	2019	Modeling Diesel Spray Tip and Tail Penetrations After End-of-Injection	Fuel		237		442-456	10.1016/j.fuel.2018.10.029					https://doi.org/10.1016/j.fuel.2018.10.029	manual_required		No clearly legal open PDF/HTML download was found automatically; use the DOI/URL manually or through institutional access if needed.	thesis.tex:159 || thesis.tex:218 || thesis.tex:584	thesis_zh.tex:175 || thesis_zh.tex:234 || thesis_zh.tex:602	In the extended formulation reported by Zhou et al.\ for tip and tail penetration after EOI, the pre-transition branches are still written against the ASOI clock \(t\), but the decelerating branches include terms in \((t-t_i)^{1/2}\) and \((t-t_i)^{1/4}\), where \(t_i\) denotes the injection duration \cite{ZhouLiLaiWei2019}. || This role is especially relevant for short pilot injections, where start-of-injection and end-of-injection transients already complicate the raw signal shape \cite{ZhouLiYi2021,ZhouLiLaiWei2019}. || The Zhou et al.\ post-EOI model distinguishes the global injection clock \(t\) from the delayed clock \((t-t_i)\), because the late penetration branch is activated only after the end-of-injection dynamics have propagated downstream \cite{ZhouLiLaiWei2019}.	在Zhou等人报告的EOI后尖端和尾端穿深的扩展公式中，前过渡分支仍然以ASOI时钟\(t\)为基准，但减速分支包括\((t-t_i)^{1/2}\)和\((t-t_i)^{1/4}\)项，其中\(t_i\)表示注入持续时间\cite{ZhouLiLaiWei2019}。 || 这个角色在短预喷注入中尤其重要，因为起始注入和结束注入瞬态已经使原始信号形状复杂化\cite{ZhouLiYi2021,ZhouLiLaiWei2019}。 || Zhou等人报告的EOI后模型区分了全局注入时钟\(t\)和延迟时钟\((t-t_i)\)，因为后期穿深分支只有在结束注入动力学传播到下游后才激活\cite{ZhouLiLaiWei2019}。	Supports the discussion that end-of-injection penetration behavior changes time variables and regimes after injection stops.	用于支撑结束注入后穿深阶段和时间变量会发生变化的论述。	Checked direct URL, arXiv when applicable, and OpenAlex OA metadata.
NaberSiebers1996	Article	true	Naber, Jeffrey D. and Siebers, Dennis L.	1996	Effects of Gas Density and Vaporization on Penetration and Dispersion of Diesel Sprays	SAE Technical Paper			960034		10.4271/960034					https://doi.org/10.4271/960034	manual_required		No clearly legal open PDF/HTML download was found automatically; use the DOI/URL manually or through institutional access if needed.	thesis.tex:77 || thesis.tex:129 || thesis.tex:141 || thesis.tex:515	thesis_zh.tex:93 || thesis_zh.tex:162 || thesis_zh.tex:202 || thesis_zh.tex:274 || thesis_zh.tex:668	On the modeling side, empirical correlations, phenomenological formulations, and CFD-based methods are commonly used to describe spray development \cite{Linne2013SprayImaging,HiroyasuArai1990,NaberSiebers1996,liu2020sprayreview}. || ECN benchmark studies confirm that non-reacting liquid penetration measured under controlled ambient conditions is reproducible across laboratories and correlates with the same governing parameters — ambient density, injection pressure, and nozzle geometry — that appear in engine-relevant scaling laws \cite{NaberSiebers1996,ecn_liquid_penetration}. || In diesel spray research, penetration and cone angle remain standard descriptors precisely because they are interpretable and comparatively robust across controlled experimental campaigns \cite{Dent1971Penetration,HiroyasuArai1990,NaberSiebers1996}. || This CDF front is one of the main practical contributions of the workflow: it is much less sensitive to broken leading-edge pixels than a naive max-index definition, while still producing a penetration quantity aligned with standard diesel-spray usage \cite{Dent1971Penetration,HiroyasuArai1990,NaberSiebers1996}.	建模方面，经验关联式、现象学模型以及基于 CFD 的方法常用于描述喷雾发展 \cite{Linne2013SprayImaging,HiroyasuArai1990,NaberSiebers1996,liu2020sprayreview}。 || ECN 基准研究证实，在受控环境舱条件下测量的非反应液相穿深可跨实验室复现，并且与发动机相关标度律中出现的相同支配参数——环境密度、喷射压力和喷嘴几何——高度相关 \cite{NaberSiebers1996,ecn_liquid_penetration}。 || 在柴油喷雾研究中，穿深和锥角之所以长期作为标准描述符，正是因为它们可解释，并且在受控实验研究中相对稳健 \cite{Dent1971Penetration,HiroyasuArai1990,NaberSiebers1996}。 || 相比之下，本文采用的 CDF 前沿把穿深建立在逐喷油束整体前景支持分布之上，使结果不再由单个最远前景像素主导，而更接近“主要液相包络推进到何处”的几何含义 \cite{MagnottiGenzale2013,JohnsonNaberLee2012,Dent1971Penetration,HiroyasuArai1990,NaberSiebers1996}。 || 这个CDF前沿是工作流的主要实用贡献：它比朴素的最大索引定义对断裂的边缘像素不那么敏感，同时仍然产生与标准柴油喷雾使用对齐的穿深量\cite{Dent1971Penetration,HiroyasuArai1990,NaberSiebers1996}。	Supports gas-density and vaporization effects on diesel-spray penetration and the use of non-reacting penetration as a conservative screening quantity.	用于支撑环境密度和蒸发对穿深的影响，以及非反应穿深作为保守筛查量的合理性。	Checked direct URL, arXiv when applicable, and OpenAlex OA metadata.
Pratt1987CircleFit	Article	true	Pratt, Vaughan	1987	Direct Least-Squares Fitting of Algebraic Surfaces	Computer Graphics		21	4	145-152	10.1145/37402.37420					https://doi.org/10.1145/37402.37420	manual_required		No clearly legal open PDF/HTML download was found automatically; use the DOI/URL manually or through institutional access if needed.	thesis.tex:183 || thesis.tex:341	thesis_zh.tex:253 || thesis_zh.tex:494	The calibration task is a noisy circle-fitting problem, for which least-squares circle estimation is a standard tool \cite{Pratt1987CircleFit,Taubin1991CircleFit}. || This one-time calibration is deliberately user-facing rather than fully automatic: the operator can zoom, choose a representative frame, and anchor the full batch with a physically meaningful nozzle center \cite{Pratt1987CircleFit,Taubin1991CircleFit}.	处理链的起点是手动喷嘴标定，因为下游角度分析默认喷嘴中心在图像坐标中固定。这个任务本质上是带噪圆拟合，最小二乘圆估计正是处理这类问题的标准工具 \cite{Pratt1987CircleFit,Taubin1991CircleFit}。 || 这种一次校准是故意面向用户的，而不是完全自动的：操作员可以缩放、选择代表性帧，并用物理上有意义的喷嘴中心锚定整个批量\cite{Pratt1987CircleFit,Taubin1991CircleFit}。	Supports least-squares circle fitting as a standard basis for manual nozzle-center calibration.	用于支撑手动喷嘴中心标定中的最小二乘圆拟合方法。	Checked direct URL, arXiv when applicable, and OpenAlex OA metadata.
Taubin1991CircleFit	Article	true	Taubin, Gabriel	1991	Estimation of Planar Curves, Surfaces, and Nonplanar Space Curves Defined by Implicit Equations, with Applications to Edge and Range Image Segmentation	IEEE Transactions on Pattern Analysis and Machine Intelligence		13	11	1115-1138	10.1109/34.103273					https://doi.org/10.1109/34.103273	manual_required		No clearly legal open PDF/HTML download was found automatically; use the DOI/URL manually or through institutional access if needed.	thesis.tex:183 || thesis.tex:341	thesis_zh.tex:253 || thesis_zh.tex:494	The calibration task is a noisy circle-fitting problem, for which least-squares circle estimation is a standard tool \cite{Pratt1987CircleFit,Taubin1991CircleFit}. || This one-time calibration is deliberately user-facing rather than fully automatic: the operator can zoom, choose a representative frame, and anchor the full batch with a physically meaningful nozzle center \cite{Pratt1987CircleFit,Taubin1991CircleFit}.	处理链的起点是手动喷嘴标定，因为下游角度分析默认喷嘴中心在图像坐标中固定。这个任务本质上是带噪圆拟合，最小二乘圆估计正是处理这类问题的标准工具 \cite{Pratt1987CircleFit,Taubin1991CircleFit}。 || 这种一次校准是故意面向用户的，而不是完全自动的：操作员可以缩放、选择代表性帧，并用物理上有意义的喷嘴中心锚定整个批量\cite{Pratt1987CircleFit,Taubin1991CircleFit}。	Supports algebraic curve and circle fitting as a standard approach for noisy image-coordinate calibration.	用于支撑在有噪声图像坐标中进行圆/曲线拟合标定的标准性。	Checked direct URL, arXiv when applicable, and OpenAlex OA metadata.
GonzalezWoodsDIP	Book	true	Gonzalez, Rafael C. and Woods, Richard E.	2018	Digital Image Processing		Pearson						9780133356724				manual_required		No DOI or URL is present in the BibTeX entry; manual lookup is required.	thesis.tex:185 || thesis.tex:187 || thesis.tex:199 || thesis.tex:360 || thesis.tex:399	thesis_zh.tex:251 || thesis_zh.tex:255 || thesis_zh.tex:257 || thesis_zh.tex:513 || thesis_zh.tex:515 || thesis_zh.tex:552	When image formation contains multiplicative components, applying a logarithm converts multiplicative variations into additive ones, after which background subtraction and filtering become more stable \cite{OppenheimSchaferStockham1968,GonzalezWoodsDIP}. || Gradient-magnitude operators such as Sobel filters are standard tools for emphasizing boundary transitions, while percentile scaling, automatic thresholding, and morphology are standard ways to stabilize segmentation under non-uniform contrast \cite{GonzalezWoodsDIP,Szeliski2010Vision,ZackRogersLatt1977}. || The individual operators used here are standard image-processing primitives \cite{GonzalezWoodsDIP,Szeliski2010Vision}; the engineering issue is that, once applied to terabyte-scale 12-bit video archives, their practical cost dominates the full workflow unless they are organized as bulk data-parallel computations. || This sequence is important for Mie videos because the raw intensity is not a direct measure of liquid volume fraction, and because the practical objective is stable geometry extraction under non-uniform illumination, glare, and background texture rather than exact optical inversion \cite{BohrenHuffman2004,Linne2013SprayImaging,GonzalezWoodsDIP}. || The contribution is not the Sobel operator itself, which is classical, but its integration into a bulk video workflow that avoids repeated host-device copies and prepares every plume for the same downstream geometric treatment \cite{GonzalezWoodsDIP,Szeliski2010Vision}.	这里的大多数操作——背景扣除、局部滤波、梯度计算、角度分箱、阈值化、形态学清理和累积分布计算——都会在大量独立像素、角度箱和帧上重复执行，因此它们不仅在图像处理上有明确依据，也天然适合张量化的 CUDA 并行实现 \cite{NickollsBuckGarlandSkadron2008,GonzalezWoodsDIP,Szeliski2010Vision}。 || 在此基础上，对数域背景消除与前景构建借用了同态信号处理的基本动机：当图像形成过程含有乘性成分时，取对数可以把乘法扰动转为加性扰动，使后续背景扣除和滤波更稳定 \cite{OppenheimSchaferStockham1968,GonzalezWoodsDIP}。 || 前景构建之后，Sobel 一类梯度幅值算子、百分位缩放、自动阈值和形态学操作依次增强并最终提取喷雾边界，同时压低弥散的低频背景结构 \cite{GonzalezWoodsDIP,Szeliski2010Vision,ZackRogersLatt1977}。 || 这个序列对Mie视频很重要，因为原始强度不是液体体积分数的直接度量，而且实际目标是在非均匀照明、眩光和背景纹理下稳定几何提取，而不是精确的光学反演\cite{BohrenHuffman2004,Linne2013SprayImaging,GonzalezWoodsDIP}。 || 这就是为什么实现的流程使用来自预注入统计的鲁棒背景估计，然后将表示转换为边缘主导的Sobel特征，其几何响应比原始亮度幅度更稳定\cite{BohrenHuffman2004,Linne2013SprayImaging,GonzalezWoodsDIP}。 || 贡献不是Sobel算子本身，这是经典的，而是将其集成到避免重复主机-设备复制的批量视频工作流中，为每个喷雾准备相同的下游几何处理\cite{GonzalezWoodsDIP,Szeliski2010Vision}。	Supports the image-processing choices: log-domain preprocessing, gradients, thresholding, morphology, and boundary extraction.	用于支撑对数预处理、梯度算子、阈值、形态学和边界提取等图像处理步骤。	No machine-resolvable link in BibTeX.
Szeliski2010Vision	Book	true	Szeliski, Richard	2011	Computer Vision: Algorithms and Applications		Springer				10.1007/978-1-84882-935-0					https://doi.org/10.1007/978-1-84882-935-0	downloaded	reference_sources/Szeliski2010Vision.pdf		thesis.tex:187 || thesis.tex:189 || thesis.tex:199 || thesis.tex:224 || thesis.tex:399 || thesis.tex:419 || thesis.tex:437 || thesis.tex:492	thesis_zh.tex:251 || thesis_zh.tex:257 || thesis_zh.tex:264 || thesis_zh.tex:552 || thesis_zh.tex:572 || thesis_zh.tex:590 || thesis_zh.tex:645	Gradient-magnitude operators such as Sobel filters are standard tools for emphasizing boundary transitions, while percentile scaling, automatic thresholding, and morphology are standard ways to stabilize segmentation under non-uniform contrast \cite{GonzalezWoodsDIP,Szeliski2010Vision,ZackRogersLatt1977}. || Likewise, the subsequent remapping stage follows standard inverse-warping theory, in which output pixels query source coordinates through an inverse transform so that the resampled strip is dense and free of forward-mapping holes \cite{Szeliski2010Vision}. || The individual operators used here are standard image-processing primitives \cite{GonzalezWoodsDIP,Szeliski2010Vision}; the engineering issue is that, once applied to terabyte-scale 12-bit video archives, their practical cost dominates the full workflow unless they are organized as bulk data-parallel computations. || Once the spray is described on the angular axis, the repeated structure induced by the injector hole pattern becomes much easier to analyze, because plume occupancy can be summarized as a one-dimensional periodic signal rather than as fragmented edge content in the original image plane \cite{Szeliski2010Vision}. || The contribution is not the Sobel operator itself, which is classical, but its integration into a bulk video workflow that avoids repeated host-device copies and prepares every plume for the same downstream geometric treatment \cite{GonzalezWoodsDIP,Szeliski2010Vision}. || Conceptually, this is a radial collapse of the 2D image into a 1D angular occupancy signal, which is a much more stable object for multihole alignment than raw edge fragments in the original frame \cite{Szeliski2010Vision}. || The FFT itself is standard; the contribution here is using the known injector multiplicity to turn the angular-density signal into an automatic plume registration rule \cite{CooleyTukey1965FFT,Szeliski2010Vision}. || This inverse-map formulation is computationally efficient and numerically clean, because every downstream plume metric is measured in the same local coordinate system \cite{Szeliski2010Vision}.	这里的大多数操作——背景扣除、局部滤波、梯度计算、角度分箱、阈值化、形态学清理和累积分布计算——都会在大量独立像素、角度箱和帧上重复执行，因此它们不仅在图像处理上有明确依据，也天然适合张量化的 CUDA 并行实现 \cite{NickollsBuckGarlandSkadron2008,GonzalezWoodsDIP,Szeliski2010Vision}。 || 前景构建之后，Sobel 一类梯度幅值算子、百分位缩放、自动阈值和形态学操作依次增强并最终提取喷雾边界，同时压低弥散的低频背景结构 \cite{GonzalezWoodsDIP,Szeliski2010Vision,ZackRogersLatt1977}。 || 为此，工作流从笛卡尔图像坐标转向喷嘴中心极坐标，把二维重复结构折叠成角度轴上的一维占据信号，再利用孔数对应谐波的相位来估计旋转偏移 \cite{Szeliski2010Vision,CooleyTukey1965FFT}。 || 贡献不是Sobel算子本身，这是经典的，而是将其集成到避免重复主机-设备复制的批量视频工作流中，为每个喷雾准备相同的下游几何处理\cite{GonzalezWoodsDIP,Szeliski2010Vision}。 || 概念上，这是将2D图像径向坍缩为1D角度占用信号，这比原始帧中的边缘片段更稳定，用于多孔对齐\cite{Szeliski2010Vision}。 || FFT本身是标准的；这里的贡献是使用已知喷嘴多重性将角度密度信号转换为自动喷雾配准规则\cite{CooleyTukey1965FFT,Szeliski2010Vision}。 || 这种逆映射公式计算效率高且数值清洗，因为每个下游喷雾度量都在相同的局部坐标系中测量\cite{Szeliski2010Vision}。	Supports computer-vision operations such as polar resampling, inverse warping, image primitives, and geometric remapping.	用于支撑极坐标重采样、逆映射、图像处理原语和几何重映射等计算机视觉操作。	Downloaded legal open PDF from https://szeliski.org/Book/drafts/SzeliskiBook_20100903_draft.pdf
CooleyTukey1965FFT	Article	true	Cooley, James W. and Tukey, John W.	1965	An Algorithm for the Machine Calculation of Complex Fourier Series	Mathematics of Computation		19	90	297-301	10.1090/S0025-5718-1965-0178586-1					https://doi.org/10.1090/S0025-5718-1965-0178586-1	manual_required		No clearly legal open PDF/HTML download was found automatically; use the DOI/URL manually or through institutional access if needed.	thesis.tex:189 || thesis.tex:224 || thesis.tex:437	thesis_zh.tex:264 || thesis_zh.tex:590	Once that angular signal is available, using its harmonic structure for alignment is a standard signal-processing idea: periodic patterns are naturally revealed in the Fourier domain, and the phase of the plume-count harmonic provides a compact estimate of rotational offset \cite{CooleyTukey1965FFT}. || The subsequent use of harmonic analysis is then not an arbitrary signal-processing trick, but a symmetry-exploiting registration rule: the known injector multiplicity provides a natural angular frequency whose phase can be used for rotational alignment \cite{CooleyTukey1965FFT}. || The FFT itself is standard; the contribution here is using the known injector multiplicity to turn the angular-density signal into an automatic plume registration rule \cite{CooleyTukey1965FFT,Szeliski2010Vision}.	为此，工作流从笛卡尔图像坐标转向喷嘴中心极坐标，把二维重复结构折叠成角度轴上的一维占据信号，再利用孔数对应谐波的相位来估计旋转偏移 \cite{Szeliski2010Vision,CooleyTukey1965FFT}。 || FFT本身是标准的；这里的贡献是使用已知喷嘴多重性将角度密度信号转换为自动喷雾配准规则\cite{CooleyTukey1965FFT,Szeliski2010Vision}。	Supports using Fourier harmonic phase to estimate the rotational offset of repeated multi-hole plume patterns.	用于支撑通过傅里叶谐波相位估计多孔喷雾重复结构的旋转偏移。	Checked direct URL, arXiv when applicable, and OpenAlex OA metadata.
Huber1964	Article	true	Huber, Peter J.	1964	Robust Estimation of a Location Parameter	The Annals of Mathematical Statistics		35	1	73-101	10.1214/aoms/1177703732					https://doi.org/10.1214/aoms/1177703732	downloaded	reference_sources/Huber1964.pdf		thesis.tex:191 || thesis.tex:580	thesis_zh.tex:207 || thesis_zh.tex:598	"Huber's loss is a classical compromise between quadratic least squares and absolute-error fitting: it behaves like squared error near zero residual and like absolute error for large residuals, which makes it less sensitive to outliers while preserving smooth optimization \cite{Huber1964,NocedalWright2006}. || , method=""trf"", loss=""huber"")} with \(\delta=1\), while the log-parameterization keeps the fitted gains and transition scale positive \cite{Huber1964,NocedalWright2006}."	"Huber损失是二次最小二乘和绝对误差拟合之间的经典折衷：它在残差接近零时表现得像平方误差，在大残差时表现得像绝对误差，这使其对异常值不敏感，同时保持平滑优化\cite{Huber1964,NocedalWright2006}。 || , method=""trf"", loss=""huber"")}求解，其中\(\delta=1\)，而对数参数化保持拟合增益和转换尺度为正\cite{Huber1964,NocedalWright2006}。"	Supports robust fitting with Huber loss for noisy or partially contaminated penetration traces.	用于支撑在噪声或局部污染的穿深轨迹上使用 Huber 损失进行稳健拟合。	Downloaded legal open PDF from https://projecteuclid.org/journals/annals-of-mathematical-statistics/volume-35/issue-1/Robust-Estimation-of-a-Location-Parameter/10.1214/aoms/1177703732.pdf
OppenheimSchaferStockham1968	Article	true	Oppenheim, Alan V. and Schafer, Ronald W. and Stockham, Thomas G., Jr.	1968	Nonlinear Filtering of Multiplied and Convolved Signals	IEEE Transactions on Audio and Electroacoustics		16	3	437-466	10.1109/TAU.1968.1161990					https://doi.org/10.1109/TAU.1968.1161990	manual_required		No clearly legal open PDF/HTML download was found automatically; use the DOI/URL manually or through institutional access if needed.	thesis.tex:185	thesis_zh.tex:255	When image formation contains multiplicative components, applying a logarithm converts multiplicative variations into additive ones, after which background subtraction and filtering become more stable \cite{OppenheimSchaferStockham1968,GonzalezWoodsDIP}.	在此基础上，对数域背景消除与前景构建借用了同态信号处理的基本动机：当图像形成过程含有乘性成分时，取对数可以把乘法扰动转为加性扰动，使后续背景扣除和滤波更稳定 \cite{OppenheimSchaferStockham1968,GonzalezWoodsDIP}。	Supports the homomorphic-filtering motivation behind log-ratio preprocessing for multiplicative illumination variation.	用于支撑对数比预处理的同态滤波动机，即将乘性照明变化转为更易处理的加性成分。	Checked direct URL, arXiv when applicable, and OpenAlex OA metadata.
ZackRogersLatt1977	Article	true	Zack, G. W. and Rogers, W. E. and Latt, S. A.	1977	Automatic Measurement of Sister Chromatid Exchange Frequency	Journal of Histochemistry and Cytochemistry		25	7	741-753	10.1177/25.7.70454					https://doi.org/10.1177/25.7.70454	manual_required		No clearly legal open PDF/HTML download was found automatically; use the DOI/URL manually or through institutional access if needed.	thesis.tex:187	thesis_zh.tex:257	Gradient-magnitude operators such as Sobel filters are standard tools for emphasizing boundary transitions, while percentile scaling, automatic thresholding, and morphology are standard ways to stabilize segmentation under non-uniform contrast \cite{GonzalezWoodsDIP,Szeliski2010Vision,ZackRogersLatt1977}.	前景构建之后，Sobel 一类梯度幅值算子、百分位缩放、自动阈值和形态学操作依次增强并最终提取喷雾边界，同时压低弥散的低频背景结构 \cite{GonzalezWoodsDIP,Szeliski2010Vision,ZackRogersLatt1977}。	Supports automatic triangle thresholding as part of the segmentation and occupancy pipeline.	用于支撑分割和占用分析流程中的自动三角阈值方法。	Checked direct URL, arXiv when applicable, and OpenAlex OA metadata.
MuenchLeipertz1992	Article	true	Munch, K. and Leipertz, A.	1992	Investigation of Spray Penetration and Fuel Distribution Inside the Piston Bowl of a 1.9 l DI Diesel Engine Using Two-Dimensional Mie Scattering	SAE Technical Paper			922204		10.4271/922204					https://doi.org/10.4271/922204	manual_required		No clearly legal open PDF/HTML download was found automatically; use the DOI/URL manually or through institutional access if needed.	thesis.tex:143	thesis_zh.tex:159	Two-dimensional Mie-scattering work inside optical diesel engines already reported jet-tip penetration and cone-angle information as the practical outputs of image analysis rather than attempting to reconstruct a complete liquid-state field \cite{MuenchLeipertz1992}.	在光学柴油发动机内开展的二维 Mie 散射研究中，实际报告的往往是喷雾尖端穿深和锥角等图像分析结果，而不是试图重建完整的液相状态场 \cite{MuenchLeipertz1992}。	Supports using two-dimensional Mie-scattering images to report practical jet-tip penetration and cone-angle quantities.	用于支撑二维 Mie 散射图像可用于报告射流尖端穿深和锥角等实用量。	Checked direct URL, arXiv when applicable, and OpenAlex OA metadata.
JohnsonNaberLee2012	Article	true	Johnson, Jaclyn E. and Naber, Jeffrey D. and Lee, Seong-Young	2012	Characterizing Diesel Fuel Spray Cone Angle From Back-Scattered Imaging by Fitting Gaussian Profiles to Radial Spray Intensity Distributions	Journal of Engineering for Gas Turbines and Power		134	6	062802	10.1115/1.4005994					https://doi.org/10.1115/1.4005994	manual_required		No clearly legal open PDF/HTML download was found automatically; use the DOI/URL manually or through institutional access if needed.	thesis.tex:230	thesis_zh.tex:271 || thesis_zh.tex:274	Johnson et al.\ showed that conventional threshold-based cone-angle estimation from back-scattered diesel images is sensitive to the chosen intensity threshold, and they proposed a profile-based alternative specifically to reduce this subjectivity \cite{JohnsonNaberLee2012}.	Johnson等人则表明，传统基于强度阈值的锥角估计对阈值选择高度敏感 \cite{JohnsonNaberLee2012}。 || 相比之下，本文采用的 CDF 前沿把穿深建立在逐喷油束整体前景支持分布之上，使结果不再由单个最远前景像素主导，而更接近“主要液相包络推进到何处”的几何含义 \cite{MagnottiGenzale2013,JohnsonNaberLee2012,Dent1971Penetration,HiroyasuArai1990,NaberSiebers1996}。	Supports the caution that threshold-based cone-angle and boundary estimates are sensitive to the chosen image metric.	用于说明阈值式锥角和边界估计对图像度量选择敏感，需要谨慎解释。	Checked direct URL, arXiv when applicable, and OpenAlex OA metadata.
MagnottiGenzale2013	Article	true	Magnotti, Gina M. and Genzale, Caroline L.	2013	Influence of Liquid Penetration Metrics on Diesel Spray Model Validation	SAE Technical Paper			2013-01-1102		10.4271/2013-01-1102					https://doi.org/10.4271/2013-01-1102	manual_required		No clearly legal open PDF/HTML download was found automatically; use the DOI/URL manually or through institutional access if needed.	thesis.tex:228	thesis_zh.tex:269 || thesis_zh.tex:274	Magnotti and Genzale demonstrated that different liquid-penetration metrics can lead to materially different conclusions when validating diesel spray models, because different observables respond to different aspects of the underlying liquid distribution \cite{MagnottiGenzale2013}.	Magnotti 和 Genzale 说明，不同液相穿深度量会导向实质不同的模型验证结论 \cite{MagnottiGenzale2013}。 || 相比之下，本文采用的 CDF 前沿把穿深建立在逐喷油束整体前景支持分布之上，使结果不再由单个最远前景像素主导，而更接近“主要液相包络推进到何处”的几何含义 \cite{MagnottiGenzale2013,JohnsonNaberLee2012,Dent1971Penetration,HiroyasuArai1990,NaberSiebers1996}。	Supports the warning that different liquid-penetration metrics can lead to different model-validation conclusions.	用于支撑不同液相穿深定义会导致不同验证结论的警示。	Checked direct URL, arXiv when applicable, and OpenAlex OA metadata.
JungManinSkeenPickett2015	Article	true	Jung, Yongjin and Manin, Julien and Skeen, Scott A. and Pickett, Lyle M.	2015	Measurement of Liquid and Vapor Penetration of Diesel Sprays With a Variation in Spreading Angle	SAE Technical Paper			2015-01-0946		10.4271/2015-01-0946					https://doi.org/10.4271/2015-01-0946	manual_required		No clearly legal open PDF/HTML download was found automatically; use the DOI/URL manually or through institutional access if needed.	thesis.tex:87 || thesis.tex:143	thesis_zh.tex:101 || thesis_zh.tex:159	Spray angle and penetration cannot always be treated as fixed constants, and transient spreading behavior influences downstream penetration and mixing \cite{JungManinSkeenPickett2015}. || More recent imaging studies still organize liquid-spray comparison around penetration and spreading-angle measurements, even when the instrumentation and synchronization become more sophisticated \cite{JungManinSkeenPickett2015}.	喷雾角和穿深并不总能被视为固定常数，瞬态扩散行为会进一步影响穿深和混合 \cite{JungManinSkeenPickett2015}。 || 更近期的成像研究即便在仪器配置和同步方式上更加复杂，液相喷雾比较仍然主要围绕穿深和扩张角等指标展开 \cite{JungManinSkeenPickett2015}。	Supports the importance of transient spreading angle and penetration measurements in diesel spray studies.	用于支撑柴油喷雾研究中瞬态扩散角和穿深测量的重要性。	Checked direct URL, arXiv when applicable, and OpenAlex OA metadata.
NocedalWright2006	Book	true	Nocedal, Jorge and Wright, Stephen J.	2006	Numerical Optimization		Springer				10.1007/978-0-387-40065-5					https://doi.org/10.1007/978-0-387-40065-5	manual_required		No clearly legal open PDF/HTML download was found automatically; use the DOI/URL manually or through institutional access if needed.	thesis.tex:191 || thesis.tex:580	thesis_zh.tex:207 || thesis_zh.tex:598	"Huber's loss is a classical compromise between quadratic least squares and absolute-error fitting: it behaves like squared error near zero residual and like absolute error for large residuals, which makes it less sensitive to outliers while preserving smooth optimization \cite{Huber1964,NocedalWright2006}. || , method=""trf"", loss=""huber"")} with \(\delta=1\), while the log-parameterization keeps the fitted gains and transition scale positive \cite{Huber1964,NocedalWright2006}."	"Huber损失是二次最小二乘和绝对误差拟合之间的经典折衷：它在残差接近零时表现得像平方误差，在大残差时表现得像绝对误差，这使其对异常值不敏感，同时保持平滑优化\cite{Huber1964,NocedalWright2006}。 || , method=""trf"", loss=""huber"")}求解，其中\(\delta=1\)，而对数参数化保持拟合增益和转换尺度为正\cite{Huber1964,NocedalWright2006}。"	Supports nonlinear least-squares optimization and robust parameter fitting in the reduced-order penetration model.	用于支撑降阶穿深模型中的非线性最小二乘优化和参数拟合。	Checked direct URL, arXiv when applicable, and OpenAlex OA metadata.
NickollsBuckGarlandSkadron2008	Article	true	Nickolls, John and Buck, Ian and Garland, Michael and Skadron, Kevin	2008	Scalable Parallel Programming with CUDA	ACM Queue		6	2	40-53	10.1145/1365490.1365500					https://doi.org/10.1145/1365490.1365500	manual_required		No clearly legal open PDF/HTML download was found automatically; use the DOI/URL manually or through institutional access if needed.	thesis.tex:199	thesis_zh.tex:215	Graphics processors are especially well matched to workloads dominated by regular dense-array operations, stencil-like neighborhood computations, and repeated map-reduce style kernels, because the same arithmetic pattern is evaluated over many data elements in parallel \cite{NickollsBuckGarlandSkadron2008}.	GPU 尤其适合处理由规则稠密数组运算、模板式邻域计算以及重复 map-reduce 风格 kernel 主导的工作负载，因为同一算术模式可以在大量数据元素上并行执行 \cite{NickollsBuckGarlandSkadron2008}。	Supports the computational argument that dense image operations are well suited to GPU/CUDA acceleration.	用于支撑稠密图像运算适合 GPU/CUDA 并行加速的计算论证。	Checked direct URL, arXiv when applicable, and OpenAlex OA metadata.
Tobin1958	Article	true	Tobin, James	1958	Estimation of Relationships for Limited Dependent Variables	Econometrica		26	1	24-36							manual_required		No DOI or URL is present in the BibTeX entry; manual lookup is required.	thesis.tex:205	thesis_zh.tex:268 || thesis_zh.tex:281	In statistics, this is closely related to the broader class of limited or censored dependent-variable problems, where the observed value is only a truncated representation of the latent quantity of interest \cite{Tobin1958,BuckleyJames1979}.	在统计学中，这个结构与更广泛的有限或删失因变量问题密切相关，其中观测值只能作为潜在真实量的受限表示 \cite{Tobin1958,BuckleyJames1979}。 || 从统计建模的角度看，Tobit 模型是处理删失因变量的经典起点 \cite{Tobin1958}。	Supports the statistical analogy between field-of-view-limited penetration traces and limited dependent variables.	用于支撑有限视场穿深轨迹与受限因变量问题之间的统计类比，并明确 Tobit 是处理删失因变量的经典起点。	No machine-resolvable link in BibTeX.
BuckleyJames1979	Article	true	Buckley, Jonathan and James, Ian	1979	Linear Regression with Censored Data	Biometrika		66	3	429-436	10.1093/biomet/66.3.429					https://doi.org/10.1093/biomet/66.3.429	manual_required		No clearly legal open PDF/HTML download was found automatically; use the DOI/URL manually or through institutional access if needed.	thesis.tex:205	thesis_zh.tex:268	In statistics, this is closely related to the broader class of limited or censored dependent-variable problems, where the observed value is only a truncated representation of the latent quantity of interest \cite{Tobin1958,BuckleyJames1979}.	在统计学中，这个结构与更广泛的有限或删失因变量问题密切相关，其中观测值只能作为潜在真实量的受限表示 \cite{Tobin1958,BuckleyJames1979}。	Supports the censored-regression analogy used to interpret truncated late-time penetration observations.	用于支撑将后期穿深截断观测理解为删失回归问题的统计类比。	Checked direct URL, arXiv when applicable, and OpenAlex OA metadata.
HintonVinyalsDean2015	Misc	true	Hinton, Geoffrey and Vinyals, Oriol and Dean, Jeff	2015	Distilling the Knowledge in a Neural Network						10.48550/arXiv.1503.02531			1503.02531		https://doi.org/10.48550/arXiv.1503.02531	downloaded	reference_sources/HintonVinyalsDean2015.pdf		thesis.tex:255	thesis_zh.tex:271	Knowledge distillation was introduced as a way to transfer the predictive structure of a teacher network to a student by means of softer targets than hard labels \cite{HintonVinyalsDean2015}.	知识蒸馏被引入作为一种方式，通过软目标而不是硬标签将教师网络的预测结构转移到学生\cite{HintonVinyalsDean2015}。	Supports knowledge distillation as the general teacher-student mechanism used in the refinement stage.	用于支撑精化阶段采用教师-学生知识蒸馏机制的基本方法论。	Downloaded legal open PDF from https://arxiv.org/pdf/1503.02531
TarvainenValpola2017	InProceedings	true	Tarvainen, Antti and Valpola, Harri	2017	Mean Teachers Are Better Role Models: Weight-Averaged Consistency Targets Improve Semi-Supervised Deep Learning Results	Advances in Neural Information Processing Systems 30				1195-1204	10.48550/arXiv.1703.01780					https://doi.org/10.48550/arXiv.1703.01780	downloaded	reference_sources/TarvainenValpola2017.pdf		thesis.tex:255	thesis_zh.tex:271	Closely related teacher-student formulations are also used when supervision is limited or incomplete, because the teacher can provide a stable target signal in regions where direct labels are sparse, noisy, or absent \cite{TarvainenValpola2017}.	当监督有限或不完整时，密切相关的教师-学生公式也被使用，因为教师可以在直接标签稀疏、噪声或缺失的区域提供稳定的信号\cite{TarvainenValpola2017}。	Supports teacher-student learning when labels are limited, noisy, or incomplete.	用于支撑在标签有限、噪声较大或不完整时使用教师-学生学习框架。	Downloaded legal open PDF from https://arxiv.org/pdf/1703.01780
MopuriGrahnSedarskyHyvonen2024	Article	true	Mopuri, Lokesh and Grahn, Viljam and Sedarsky, David and Hyvonen, Jari	2024	Shape/Penetration Analysis and Comparisons of Isolated Spray Plumes in a Multi-Hole Diesel Spray	Experiments in Fluids		65		92	10.1007/s00348-024-03829-6					https://doi.org/10.1007/s00348-024-03829-6	downloaded	reference_sources/MopuriGrahnSedarskyHyvonen2024.pdf		thesis.tex:222	thesis_zh.tex:238	At the same time, multihole behavior is not identical to an arbitrary repetition of single-hole behavior, because the internal sac flow, hole interactions, and plume-to-plume disturbances can alter the resulting spray morphology \cite{JinKimKakamiNishidaOgataLuo2020,MopuriGrahnSedarskyHyvonen2024}.	同时，多孔行为不等同于单孔行为的任意重复，因为内部储罐流动、孔相互作用和喷雾间扰动可以改变结果喷雾形态\cite{JinKimKakamiNishidaOgataLuo2020,MopuriGrahnSedarskyHyvonen2024}。	Supports the multi-hole spray context and the need to analyze isolated plume shape and penetration consistently.	用于支撑多孔喷雾背景，以及对独立 plume 形状和穿深进行一致分析的必要性。	Downloaded legal open PDF from https://link.springer.com/content/pdf/10.1007/s00348-024-03829-6.pdf
JinKimKakamiNishidaOgataLuo2020	Article	true	Jin, Yu and Kim, Jaeheun and Kakami, Shinichi and Nishida, Keiya and Ogata, Yoichi and Luo, Hongliang	2020	Comparison of Diesel Spray with Small Injection Amount Between Single-Hole and Multi-Hole Injectors: Results Under Same Rail Pressure and Similar Injection Rate	International Communications in Heat and Mass Transfer		118		104862	10.1016/j.icheatmasstransfer.2020.104862					https://doi.org/10.1016/j.icheatmasstransfer.2020.104862	manual_required		No clearly legal open PDF/HTML download was found automatically; use the DOI/URL manually or through institutional access if needed.	thesis.tex:222	thesis_zh.tex:238	At the same time, multihole behavior is not identical to an arbitrary repetition of single-hole behavior, because the internal sac flow, hole interactions, and plume-to-plume disturbances can alter the resulting spray morphology \cite{JinKimKakamiNishidaOgataLuo2020,MopuriGrahnSedarskyHyvonen2024}.	同时，多孔行为不等同于单孔行为的任意重复，因为内部储罐流动、孔相互作用和喷雾间扰动可以改变结果喷雾形态\cite{JinKimKakamiNishidaOgataLuo2020,MopuriGrahnSedarskyHyvonen2024}。	Supports the point that multi-hole injector behavior is not a trivial repetition of single-hole spray behavior.	用于支撑多孔喷嘴行为不能简单视为单孔喷雾重复叠加的论点。	Checked direct URL, arXiv when applicable, and OpenAlex OA metadata.
imo2023ghgstrategy	Misc	true	International Maritime Organization	2023	2023 IMO Strategy on Reduction of GHG Emissions from Ships							https://www.imo.org/en/ourwork/environment/pages/2023-imo-strategy-on-reduction-of-ghg-emissions-from-ships.aspx			Accessed 30 March 2026	https://www.imo.org/en/ourwork/environment/pages/2023-imo-strategy-on-reduction-of-ghg-emissions-from-ships.aspx	downloaded	reference_sources/imo2023ghgstrategy.pdf		thesis.tex:63	thesis_zh.tex:77	The 2023 IMO greenhouse-gas strategy sets both continued carbon-intensity reduction targets and an uptake target for zero- or near-zero-emission energy by 2030, which has accelerated practical interest in alternative-fuel propulsion systems \cite{imo2023ghgstrategy}.	IMO 于 2023 年发布的温室气体战略不仅继续提出碳强度下降目标，也提出了到 2030 年零或近零排放能源占比的目标，这显著加速了替代燃料推进系统的工程化兴趣 \cite{imo2023ghgstrategy}。	Supports the maritime decarbonization context and 2030 targets motivating alternative-fuel marine engines.	用于支撑海运减排背景和 2030 目标，从而引出替代燃料船用发动机需求。	Downloaded legal open PDF from https://wwwcdn.imo.org/localresources/en/OurWork/Environment/Documents/annex/MEPC%2080/Annex%2015.pdf
classnk2025alternativefuels	Misc	true	ClassNK	2025	Alternative Fuels Insight							https://futurefuels.imo.org/wp-content/uploads/2025/02/ClassNKAlternativeFuelsInsight_e.pdf			Accessed 30 March 2026	https://futurefuels.imo.org/wp-content/uploads/2025/02/ClassNKAlternativeFuelsInsight_e.pdf	downloaded	reference_sources/classnk2025alternativefuels.pdf		thesis.tex:63	thesis_zh.tex:77	Industry tracking also shows that liquefied natural gas, methanol, ammonia, and other alternative fuels have already moved from concept discussion into concrete vessel and orderbook decisions \cite{classnk2025alternativefuels}.	行业跟踪也表明，液化天然气、甲醇、氨等替代燃料已经从概念讨论进入了具体船型与订单决策阶段 \cite{classnk2025alternativefuels}。	Supports the claim that alternative fuels have moved into concrete vessel and orderbook decisions.	用于支撑替代燃料已经进入实际船舶和订单决策阶段的行业背景。	Downloaded legal open PDF from https://futurefuels.imo.org/wp-content/uploads/2025/02/ClassNKAlternativeFuelsInsight_e.pdf
wartsila_decarbonisation_2026	Misc	true	Wärtsilä	2026	Shaping the Decarbonisation of Marine and Energy							https://www.wartsila.com/about/decarbonisation			Accessed 16 April 2026	https://www.wartsila.com/about/decarbonisation	downloaded	reference_sources/wartsila_decarbonisation_2026.html		thesis.tex:112	thesis_zh.tex:77	This direction also matches Wärtsilä's stated role in accelerating marine decarbonisation and the shift towards a 100\% renewable energy future, supported by technologies and services that help customers improve both environmental and economic performance \cite{wartsila_decarbonisation_2026}.	这一方向也与 Wärtsilä 对自身角色的公开表述一致：公司将自身定位为推动船舶减碳和迈向 100\% 可再生能源未来的加速者，并通过技术与服务帮助客户同时改善环境与经济绩效 \cite{wartsila_decarbonisation_2026}。	Supports connecting the thesis motivation to Wärtsilä's public decarbonisation direction and customer environmental/economic performance mission.	用于将论文动机与 Wärtsilä 公开的船舶减碳方向及帮助客户改善环境与经济绩效的使命相连接。	Saved public HTML page from https://www.wartsila.com/about/decarbonisation; source page states that Wärtsilä accelerates marine decarbonisation and the shift towards a 100\% renewable energy future; page footer shows © 2026 Wärtsilä.
wingd_xdf_manual_2021	Manual	true	WinGD	2021	Marine Installation Manual: WinGD X52DF							https://wingd.com/media/3vpbi3s2/mim_wingd_x52df_20210709.pdf			Accessed 30 March 2026	https://wingd.com/media/3vpbi3s2/mim_wingd_x52df_20210709.pdf	downloaded	reference_sources/wingd_xdf_manual_2021.pdf		thesis.tex:65	thesis_zh.tex:79	In low-pressure gas operation, for example, WinGD X-DF engines use a small pilot-fuel quantity for ignition and can revert to diesel mode if gas supply is lost \cite{wingd_xdf_manual_2021,wingd_lng_faq_2025}.	例如，在低压燃气工况下，WinGD X-DF 发动机使用少量 pilot fuel 实现点火，并且在燃气供应丢失时可以退回柴油模式 \cite{wingd_xdf_manual_2021,wingd_lng_faq_2025}。	Supports the description of WinGD X-DF operation and pilot-fuel ignition in low-pressure gas mode.	用于支撑 WinGD X-DF 低压燃气运行和 pilot fuel 点火机制的描述。	Downloaded legal open PDF from https://wingd.com/media/3vpbi3s2/mim_wingd_x52df_20210709.pdf
wingd_lng_faq_2025	Misc	true	WinGD	2025	LNG Dual-Fuel Engines FAQ Booklet							https://wingd.com/media/txynsqmf/wingd-lng-faq-booklet.pdf			Accessed 30 March 2026	https://wingd.com/media/txynsqmf/wingd-lng-faq-booklet.pdf	downloaded	reference_sources/wingd_lng_faq_2025.pdf		thesis.tex:65	thesis_zh.tex:79	In low-pressure gas operation, for example, WinGD X-DF engines use a small pilot-fuel quantity for ignition and can revert to diesel mode if gas supply is lost \cite{wingd_xdf_manual_2021,wingd_lng_faq_2025}.	例如，在低压燃气工况下，WinGD X-DF 发动机使用少量 pilot fuel 实现点火，并且在燃气供应丢失时可以退回柴油模式 \cite{wingd_xdf_manual_2021,wingd_lng_faq_2025}。	Supports the practical LNG dual-fuel engine context and fallback/pilot-fuel operation.	用于支撑 LNG 双燃料发动机的实际运行背景、pilot fuel 和模式切换说明。	Downloaded legal open PDF from https://wingd.com/media/txynsqmf/wingd-lng-faq-booklet.pdf
classnk_methanol_2024	TechReport	true	ClassNK	2024	Studies on In-Engine Combustion of Low and Zero-Carbon Fuels							https://www.classnk.or.jp/hp/pdf/research/rd/2023/07_e09.pdf			Accessed 30 March 2026	https://www.classnk.or.jp/hp/pdf/research/rd/2023/07_e09.pdf	downloaded	reference_sources/classnk_methanol_2024.pdf		thesis.tex:65	thesis_zh.tex:79	Similar logic extends to methanol and ammonia concepts, where pilot fuel remains necessary because the main fuel does not readily auto-ignite under the same conditions \cite{classnk_methanol_2024,wingd_ammonia_faq_2025}.	类似逻辑也适用于甲醇和氨发动机方案，因为这些主燃料在相同条件下并不容易自燃，因此仍需要 pilot fuel \cite{classnk_methanol_2024,wingd_ammonia_faq_2025}。	Supports the discussion that methanol concepts still require ignition support or combustion-system adaptation.	用于支撑甲醇燃料方案仍需要点火支持或燃烧系统适配的论述。	Downloaded legal open PDF from https://www.classnk.or.jp/hp/pdf/research/rd/2023/07_e09.pdf
wingd_ammonia_faq_2025	Misc	true	WinGD	2025	Ammonia Dual-Fuel Engines FAQ Booklet							https://wingd.com/media/2gyl3j0v/wingd-ammonia-faq-booklet.pdf			Accessed 30 March 2026	https://wingd.com/media/2gyl3j0v/wingd-ammonia-faq-booklet.pdf	manual_required		No clearly legal open PDF/HTML download was found automatically; use the DOI/URL manually or through institutional access if needed.	thesis.tex:65	thesis_zh.tex:79	Similar logic extends to methanol and ammonia concepts, where pilot fuel remains necessary because the main fuel does not readily auto-ignite under the same conditions \cite{classnk_methanol_2024,wingd_ammonia_faq_2025}.	类似逻辑也适用于甲醇和氨发动机方案，因为这些主燃料在相同条件下并不容易自燃，因此仍需要 pilot fuel \cite{classnk_methanol_2024,wingd_ammonia_faq_2025}。	Supports the discussion that ammonia dual-fuel concepts require pilot fuel because ammonia is difficult to auto-ignite.	用于支撑氨双燃料概念因自燃困难而仍需 pilot fuel 的论述。	Checked direct URL, arXiv when applicable, and OpenAlex OA metadata.
ecn_liquid_penetration	Misc	true	Engine Combustion Network	n.d.	Liquid Penetration Length							https://ecn.sandia.gov/diesel-spray-combustion/experimental-diagnostics/liquid-penetration-length/			Accessed 30 March 2026	https://ecn.sandia.gov/diesel-spray-combustion/experimental-diagnostics/liquid-penetration-length/	downloaded	reference_sources/ecn_liquid_penetration.html		thesis.tex:73 || thesis.tex:101 || thesis.tex:107 || thesis.tex:129 || thesis.tex:234	thesis_zh.tex:87 || thesis_zh.tex:115 || thesis_zh.tex:121 || thesis_zh.tex:143 || thesis_zh.tex:250	ECN guidance explicitly notes that liquid-penetration measurements are method-dependent and that optical boundaries should be interpreted as experimentally defined quantities rather than as direct access to a hidden physical ground truth \cite{ecn_liquid_penetration,ecn_liquid_penetration_accessory}. || Throughout this workflow, the extracted boundary is interpreted as an optical liquid-envelope definition under the chosen diagnostic setup, not as a direct absolute truth of the in-cylinder liquid field \cite{ecn_liquid_penetration}. || Mie-scattering images do not provide a direct liquid-volume-fraction truth field; instead, they provide an optical boundary definition whose appearance depends on illumination, scattering, background, and post-processing choices \cite{ecn_liquid_penetration,ecn_liquid_penetration_accessory}. || ECN benchmark studies confirm that non-reacting liquid penetration measured under controlled ambient conditions is reproducible across laboratories and correlates with the same governing parameters — ambient density, injection pressure, and nozzle geometry — that appear in engine-relevant scaling laws \cite{NaberSiebers1996,ecn_liquid_penetration}. || By testing nominally identical injectors (Spray~A and Spray~D) across multiple institutions, ECN found measurable inter-facility variation in liquid-penetration values and explicitly concluded that optically measured liquid boundaries should be understood as quantities defined by a particular measurement protocol, not as absolute ground-truth representations of the liquid phase \cite{ecn_liquid_penetration,ecn_liquid_penetration_accessory,MeijerECN2012}.	ECN 的说明明确指出，液相穿深测量具有方法依赖性，光学边界应被理解为实验定义下的量，而不是隐藏真实物理场的直接真值 \cite{ecn_liquid_penetration,ecn_liquid_penetration_accessory}。 || 在整个流程中，提取出的边界始终被解释为所选诊断方法下的光学液相包络定义，而不是缸内液相场的绝对真值 \cite{ecn_liquid_penetration}。 || Mie 散射图像并不提供液体体积分数的真值场，而是给出一种光学边界定义，其外观依赖照明、散射、背景和后处理选择 \cite{ecn_liquid_penetration,ecn_liquid_penetration_accessory}。 || ECN 基准研究证实，在受控环境舱条件下测量的非反应液相穿深可跨实验室复现，并且与发动机相关标度律中出现的相同支配参数——环境密度、喷射压力和喷嘴几何——高度相关 \cite{NaberSiebers1996,ecn_liquid_penetration}。 || ECN 通过在多个机构采用名义上相同的喷油器（Spray A 和 Spray D）进行对比实验，发现液相穿深的数值随测量方法和后处理定义的变化而存在可观测的差异；ECN 的文档明确指出，光学液相边界应被理解为特定测量定义下的量，而非绝对意义上的液相真值 \cite{ecn_liquid_penetration,ecn_liquid_penetration_accessory,MeijerECN2012}。	Supports the ECN definition and method-dependence of liquid-penetration measurements.	用于支撑 ECN 对液相穿深定义及其方法依赖性的说明。	Saved public HTML page from https://ecn.sandia.gov/diesel-spray-combustion/experimental-diagnostics/liquid-penetration-length/
ecn_liquid_penetration_accessory	Misc	true	Engine Combustion Network	n.d.	Accessory Data Regarding Liquid Penetration and Extinction at Spray A Conditions							https://ecn.sandia.gov/accessory-data-reguarding-liquid-penetration-and-extinction-at-spray-a-conditions/			Accessed 30 March 2026	https://ecn.sandia.gov/accessory-data-reguarding-liquid-penetration-and-extinction-at-spray-a-conditions/	downloaded	reference_sources/ecn_liquid_penetration_accessory.html		thesis.tex:73 || thesis.tex:107 || thesis.tex:234	thesis_zh.tex:87 || thesis_zh.tex:121 || thesis_zh.tex:250	ECN guidance explicitly notes that liquid-penetration measurements are method-dependent and that optical boundaries should be interpreted as experimentally defined quantities rather than as direct access to a hidden physical ground truth \cite{ecn_liquid_penetration,ecn_liquid_penetration_accessory}. || Mie-scattering images do not provide a direct liquid-volume-fraction truth field; instead, they provide an optical boundary definition whose appearance depends on illumination, scattering, background, and post-processing choices \cite{ecn_liquid_penetration,ecn_liquid_penetration_accessory}. || By testing nominally identical injectors (Spray~A and Spray~D) across multiple institutions, ECN found measurable inter-facility variation in liquid-penetration values and explicitly concluded that optically measured liquid boundaries should be understood as quantities defined by a particular measurement protocol, not as absolute ground-truth representations of the liquid phase \cite{ecn_liquid_penetration,ecn_liquid_penetration_accessory,MeijerECN2012}.	ECN 的说明明确指出，液相穿深测量具有方法依赖性，光学边界应被理解为实验定义下的量，而不是隐藏真实物理场的直接真值 \cite{ecn_liquid_penetration,ecn_liquid_penetration_accessory}。 || Mie 散射图像并不提供液体体积分数的真值场，而是给出一种光学边界定义，其外观依赖照明、散射、背景和后处理选择 \cite{ecn_liquid_penetration,ecn_liquid_penetration_accessory}。 || ECN 通过在多个机构采用名义上相同的喷油器（Spray A 和 Spray D）进行对比实验，发现液相穿深的数值随测量方法和后处理定义的变化而存在可观测的差异；ECN 的文档明确指出，光学液相边界应被理解为特定测量定义下的量，而非绝对意义上的液相真值 \cite{ecn_liquid_penetration,ecn_liquid_penetration_accessory,MeijerECN2012}。	Supports the ECN caution that optical liquid boundaries depend on diagnostic and post-processing definitions.	用于支撑 ECN 关于光学液相边界依赖诊断和后处理定义的警示。	Saved public HTML page from https://ecn.sandia.gov/data/bkldaal1liquid/
liu2020sprayreview	Article	true	Liu, Long and Peng, Yan and Liu, Dai and Han, Changfu and Zhao, Ningbo and Ma, Xiuzhen	2020	A Review of Phenomenological Spray Penetration Modeling for Diesel Engines with Advanced Injection Strategy	International Journal of Spray and Combustion Dynamics		12			10.1177/1756827720934067					https://doi.org/10.1177/1756827720934067	manual_required		No clearly legal open PDF/HTML download was found automatically; use the DOI/URL manually or through institutional access if needed.	thesis.tex:71 || thesis.tex:77 || thesis.tex:79 || thesis.tex:238	thesis_zh.tex:85 || thesis_zh.tex:91 || thesis_zh.tex:93 || thesis_zh.tex:254	High-fidelity simulations can provide richer internal flow information, but they require complex modeling choices, many input assumptions, and substantial computational effort \cite{liu2020sprayreview,peraza2022swi}. || On the modeling side, empirical correlations, phenomenological formulations, and CFD-based methods are commonly used to describe spray development \cite{Linne2013SprayImaging,HiroyasuArai1990,NaberSiebers1996,liu2020sprayreview}. || Empirical and phenomenological models are attractive because they are compact and interpretable, but their assumptions are often strongest under quasi-steady conditions and become less reliable under short-pulse, strongly transient, or multiple-injection cases \cite{liu2020sprayreview}. || Neural-network approaches have been used to map operating-condition parameters directly to spray tip penetration and cone angle without requiring a full CFD computation as an intermediate step, with several studies reporting prediction accuracy approaching 95\% \cite{VazKarathanasis2026,liu2020sprayreview}.	高保真仿真能够给出更丰富的内部流动信息，但它需要复杂的模型选择、大量输入假设和显著计算资源 \cite{liu2020sprayreview,peraza2022swi}。 || 建模方面，经验关联式、现象学模型以及基于 CFD 的方法常用于描述喷雾发展 \cite{Linne2013SprayImaging,HiroyasuArai1990,NaberSiebers1996,liu2020sprayreview}。 || 经验和现象学模型的优点是紧凑、可解释，但它们的假设往往在准稳态条件下最强，对于短脉冲、强瞬态或多次喷射情形则不够可靠 \cite{liu2020sprayreview}。 || 基于神经网络的方法已被用于从工况参数直接预测穿深和锥角等喷雾宏观量，无需完整的 CFD 计算作为中间层，并在多项研究中报告了接近 95\% 的预测精度 \cite{VazKarathanasis2026,liu2020sprayreview}。	Supports the review of phenomenological spray-penetration models and their limitations for advanced injection strategies.	用于支撑现象学穿深模型综述及其在先进喷射策略下的局限。	Checked direct URL, arXiv when applicable, and OpenAlex OA metadata.
peraza2022swi	Article	true	Peraza, Jose E. and Payri, Raul and Gimeno, Jaime and Carvallo, Cesar	2022	Analysis of Spray/Wall Impingement Using an ECN Single-Hole Injector and a Controlled-Temperature Wall Under Realistic Engine Conditions	Applied Thermal Engineering		208		118167	10.1016/j.applthermaleng.2022.118167					https://doi.org/10.1016/j.applthermaleng.2022.118167	manual_required		No clearly legal open PDF/HTML download was found automatically; use the DOI/URL manually or through institutional access if needed.	thesis.tex:67 || thesis.tex:71 || thesis.tex:87 || thesis.tex:259 || thesis.tex:261	thesis_zh.tex:81 || thesis_zh.tex:85 || thesis_zh.tex:101 || thesis_zh.tex:275 || thesis_zh.tex:277	If liquid fuel reaches the piston bowl or cylinder wall before forming a useful ignition kernel, wall wetting, deteriorated combustion, higher emissions, and lubricant dilution may follow \cite{peraza2022swi,ahmad2025fueldilution}. || High-fidelity simulations can provide richer internal flow information, but they require complex modeling choices, many input assumptions, and substantial computational effort \cite{liu2020sprayreview,peraza2022swi}. || At the same time, spray-wall interaction remains physically important and not fully resolved, particularly when one moves from laboratory diagnostics toward engine-relevant consequences such as wall film formation and reliability concerns \cite{peraza2022swi}. || If liquid fuel reaches the piston bowl or cylinder wall before evaporation or ignition, a fuel film forms on the surface, causing wall wetting, locally deteriorated mixing, elevated unburned-hydrocarbon emissions, and lubricant dilution \cite{peraza2022swi,ahmad2025fueldilution,MorieiraMotaPanao2010}. || }\ conducted systematic measurements of spray impingement on a controlled-temperature flat wall using a single-hole ECN injector, characterizing how the penetration-to-wall-distance relationship varies with ambient density and temperature, thereby confirming the central role of penetration depth as the geometric input to impingement screening \cite{peraza2022swi}.	如果液态燃料在形成有效点火核之前就到达活塞顶或缸壁，则可能导致壁面润湿、燃烧恶化、排放升高以及机油稀释 \cite{peraza2022swi,ahmad2025fueldilution}。 || 高保真仿真能够给出更丰富的内部流动信息，但它需要复杂的模型选择、大量输入假设和显著计算资源 \cite{liu2020sprayreview,peraza2022swi}。 || 与此同时，喷雾撞壁在物理上仍然重要且尚未被完全解析，尤其是在从实验室诊断走向发动机相关后果，如壁膜形成和可靠性问题时更是如此 \cite{peraza2022swi}。 || 若液态燃料在蒸发或点火之前到达活塞顶或缸壁，将在壁面形成燃料液膜，导致壁面润湿、局部混合恶化、未燃碳氢排放升高以及机油稀释 \cite{peraza2022swi,ahmad2025fueldilution,MorieiraMotaPanao2010}。 || 在 ECN 框架下，Peraza 等人系统测量了单孔喷嘴在受控壁面温度下的喷雾撞壁行为，记录了穿深-壁距关系随环境密度和温度的变化规律，进一步确认了穿深作为撞壁筛查几何输入量的核心地位 \cite{peraza2022swi}。	Supports the physical importance of spray-wall interaction and penetration-to-wall-distance reasoning.	用于支撑喷雾撞壁问题的重要性，以及以穿深和壁距关系进行风险判断的思路。	Checked direct URL, arXiv when applicable, and OpenAlex OA metadata.
liu2024marine_impingement	Article	true	Liu, Rui and Huang, Li and Yi, Ran and Xia, Jin and Zhang, Jian and Feng, Mingzhi and Lu, Xingcai	2024	Visualization on Spray and Flame Characteristics of Wall-Impinging Spray Under Marine Diesel Engine Conditions	Applied Thermal Engineering		244		122655	10.1016/j.applthermaleng.2024.122655					https://doi.org/10.1016/j.applthermaleng.2024.122655	manual_required		No clearly legal open PDF/HTML download was found automatically; use the DOI/URL manually or through institutional access if needed.	thesis.tex:87 || thesis.tex:259	thesis_zh.tex:101 || thesis_zh.tex:275	In marine engines, the situation is further complicated by geometry and scale, because large-bore conditions may differ from the more familiar automotive liquid-impingement picture \cite{liu2024marine_impingement}. || In large-bore marine diesel engines, the spatial scale of spray development differs substantially from automotive conditions; dedicated optical studies of wall-impinging sprays with large marine injectors have found that wall confinement significantly affects ignition delay and natural-luminosity flame intensity relative to free-jet configurations \cite{liu2024marine_impingement}.	对于船用发动机，这一问题还因几何尺度而更加复杂，因为大缸径工况与熟悉的汽车喷雾撞壁图景并不完全一致 \cite{liu2024marine_impingement}。 || 对于船用大缸径柴油机，喷雾发展尺度与轿车工况存在显著差异，有研究专门针对大型海用喷嘴的撞壁点火与火焰特性进行了光学诊断，发现壁面约束对点火延迟和自然发光强度均有明显影响 \cite{liu2024marine_impingement}。	Supports the marine-engine wall-impingement context and the role of optical diagnostics under large-bore conditions.	用于支撑船用发动机撞壁背景，以及大缸径条件下光学诊断的重要性。	Checked direct URL, arXiv when applicable, and OpenAlex OA metadata.
ahmad2025fueldilution	MastersThesis	true	Syed, Muhammad Ali	2025	Numerical Investigation of Diesel Spray Formation in a Marine Engine and Prediction of Liquid Fuel Approaching Cylinder Walls		Aalto University					https://aaltodoc.aalto.fi/items/f167f920-f61e-40a7-b089-49ab625fee15			Accessed 30 March 2026	https://aaltodoc.aalto.fi/items/f167f920-f61e-40a7-b089-49ab625fee15	downloaded	reference_sources/ahmad2025fueldilution.pdf		thesis.tex:67 || thesis.tex:259	thesis_zh.tex:81 || thesis_zh.tex:275	If liquid fuel reaches the piston bowl or cylinder wall before forming a useful ignition kernel, wall wetting, deteriorated combustion, higher emissions, and lubricant dilution may follow \cite{peraza2022swi,ahmad2025fueldilution}. || If liquid fuel reaches the piston bowl or cylinder wall before evaporation or ignition, a fuel film forms on the surface, causing wall wetting, locally deteriorated mixing, elevated unburned-hydrocarbon emissions, and lubricant dilution \cite{peraza2022swi,ahmad2025fueldilution,MorieiraMotaPanao2010}.	如果液态燃料在形成有效点火核之前就到达活塞顶或缸壁，则可能导致壁面润湿、燃烧恶化、排放升高以及机油稀释 \cite{peraza2022swi,ahmad2025fueldilution}。 || 若液态燃料在蒸发或点火之前到达活塞顶或缸壁，将在壁面形成燃料液膜，导致壁面润湿、局部混合恶化、未燃碳氢排放升高以及机油稀释 \cite{peraza2022swi,ahmad2025fueldilution,MorieiraMotaPanao2010}。	Supports the marine-engine fuel-dilution and wall-approach motivation linked to Aalto work.	用于支撑船用发动机燃油稀释和液体燃料接近缸壁问题的 Aalto 背景。	Downloaded legal open PDF from https://aaltodoc.aalto.fi/server/api/core/bitstreams/f336d4d4-da17-4149-a6fd-8ac78f28c258/content
BishopPRML2006	Book	true	Bishop, Christopher M.	2006	Pattern Recognition and Machine Learning		Springer						9780387310732				manual_required		No DOI or URL is present in the BibTeX entry; manual lookup is required.	thesis.tex:240 || thesis.tex:246 || thesis.tex:253	thesis_zh.tex:256 || thesis_zh.tex:262 || thesis_zh.tex:269	A deterministic multilayer perceptron is a reasonable first surrogate for penetration because it can map a small set of operating-condition features and time to a continuous trajectory \cite{BishopPRML2006}. || In regression terms, this corresponds to the conditional model \[ y=\mu(x,t)+\varepsilon(x,t),\qquad \varepsilon(x,t)\sim \mathcal{N}(0,\sigma^2(x,t)), \] which should be read here as a pragmatic statistical assumption rather than as a claim that the spray physics are literally Gaussian at every instant \cite{BishopPRML2006,KendallGal2017}. || In practice both directions give comparable results in this application, and forward KL was chosen for consistency with the negative log-likelihood training used in Stages 1 and 2 \cite{BishopPRML2006,KendallGal2017}.	确定性多层感知器是穿深的合理第一个代理，因为它可以将少量工况特征和时间映射到连续轨迹\cite{BishopPRML2006}。 || 在回归术语中，这对应于条件模型 \[ y=\mu(x,t)+\varepsilon(x,t),\qquad \varepsilon(x,t)\sim \mathcal{N}(0,\sigma^2(x,t)), \] 这里应被理解为实用的统计假设，而不是声称喷雾物理在每个瞬间都是真正的高斯\cite{BishopPRML2006,KendallGal2017}。 || 在本论文中两种方向均给出相近结果，最终选择正向 KL 以与 Stage-1 和 Stage-2 的 NLL 训练保持一致 \cite{BishopPRML2006,KendallGal2017}。	Supports the regression, Gaussian likelihood, and probabilistic-learning assumptions behind the surrogate model.	用于支撑代理模型中的回归、高斯似然和概率学习假设。	No machine-resolvable link in BibTeX.
KendallGal2017	InProceedings	true	Kendall, Alex and Gal, Yarin	2017	What Uncertainties Do We Need in Bayesian Deep Learning for Computer Vision?	Advances in Neural Information Processing Systems 30				5574-5584		https://papers.nips.cc/paper/7141-what-uncertainties-do-we-need				https://papers.nips.cc/paper/7141-what-uncertainties-do-we-need	downloaded	reference_sources/KendallGal2017.pdf		thesis.tex:89 || thesis.tex:242 || thesis.tex:246 || thesis.tex:253	thesis_zh.tex:103 || thesis_zh.tex:258 || thesis_zh.tex:262 || thesis_zh.tex:269	A model that returns only a conditional mean does not convey whether that mean is reliable for a specific condition, and for risk-screening purposes a calibrated predictive interval that can be interpreted alongside the geometric collision criterion is more informative than an overconfident point estimate \cite{KendallGal2017}. || Heteroscedastic Gaussian negative log likelihood is a standard way to let a network predict both a mean and an input-dependent variance \cite{KendallGal2017}. || In regression terms, this corresponds to the conditional model \[ y=\mu(x,t)+\varepsilon(x,t),\qquad \varepsilon(x,t)\sim \mathcal{N}(0,\sigma^2(x,t)), \] which should be read here as a pragmatic statistical assumption rather than as a claim that the spray physics are literally Gaussian at every instant \cite{BishopPRML2006,KendallGal2017}. || In practice both directions give comparable results in this application, and forward KL was chosen for consistency with the negative log-likelihood training used in Stages 1 and 2 \cite{BishopPRML2006,KendallGal2017}.	仅输出条件均值的模型无法告知该均值对特定工况是否可靠，而在风险筛查场景中，一个可以与几何碰撞准则并列解读的校准预测区间，比过度自信的点估计更具实际价值 \cite{KendallGal2017}。 || 异方差高斯负对数似然是一种标准方法，让网络预测均值和输入依赖方差\cite{KendallGal2017}。 || 在回归术语中，这对应于条件模型 \[ y=\mu(x,t)+\varepsilon(x,t),\qquad \varepsilon(x,t)\sim \mathcal{N}(0,\sigma^2(x,t)), \] 这里应被理解为实用的统计假设，而不是声称喷雾物理在每个瞬间都是真正的高斯\cite{BishopPRML2006,KendallGal2017}。 || 在本论文中两种方向均给出相近结果，最终选择正向 KL 以与 Stage-1 和 Stage-2 的 NLL 训练保持一致 \cite{BishopPRML2006,KendallGal2017}。	Supports heteroscedastic uncertainty estimation for input-dependent predictive variance.	用于支撑输入相关预测方差的异方差不确定性建模。	Downloaded legal open PDF from https://papers.nips.cc/paper_files/paper/2017/file/2650d6089a6d640c5e85b2b88265dc2b-Paper.pdf
Schindelin2012Fiji	Article	true	Schindelin, Johannes and Arganda-Carreras, Ignacio and Frise, Erwin and Kaynig, Verena and Longair, Mark and Pietzsch, Tobias and Preibisch, Stephan and Rueden, Curtis and Saalfeld, Stephan and Schmid, Benjamin and Tinevez, Jean-Yves and White, Daniel James and Hartenstein, Volker and Eliceiri, Kevin and Tomancak, Pavel and Cardona, Albert	2012	Fiji: An Open-Source Platform for Biological-Image Analysis	Nature Methods		9	7	676-682	10.1038/nmeth.2019					https://doi.org/10.1038/nmeth.2019	downloaded	reference_sources/Schindelin2012Fiji.pdf		thesis.tex:105	thesis_zh.tex:119	This concern is consistent with broader scientific-image-processing practice: mature open-source ecosystems such as Fiji/ImageJ, scikit-image, OpenPIV, and PIVlab emphasize scriptable, inspectable, and reusable processing pipelines rather than one-off manual interpretation \cite{Schindelin2012Fiji,VanDerWalt2014ScikitImage,OpenPIV,ThielickeSonntag2021PIVlab}.	这一判断也符合更广泛的科学图像处理实践：Fiji/ImageJ、scikit-image、OpenPIV 和 PIVlab 等成熟开源生态都强调可脚本化、可审计、可复用的处理流程，而不是一次性的人工解释 \cite{Schindelin2012Fiji,VanDerWalt2014ScikitImage,OpenPIV,ThielickeSonntag2021PIVlab}。	Supports the argument that mature scientific image-processing workflows should be scriptable and inspectable.	用于支撑科学图像处理流程应可脚本化、可检查和可复用的观点。	Downloaded legal open PDF from https://pdfs.semanticscholar.org/dea5/dcac6fe02b4c3f81371e5da5be9f99832ba2.pdf
VanDerWalt2014ScikitImage	Article	true	van der Walt, Stefan and Schonberger, Johannes L. and Nunez-Iglesias, Juan and Boulogne, Francois and Warner, Joshua D. and Yager, Neil and Gouillart, Emmanuelle and Yu, Tony	2014	scikit-image: Image Processing in Python	PeerJ		2		e453	10.7717/peerj.453					https://doi.org/10.7717/peerj.453	downloaded	reference_sources/VanDerWalt2014ScikitImage.pdf		thesis.tex:105	thesis_zh.tex:119	This concern is consistent with broader scientific-image-processing practice: mature open-source ecosystems such as Fiji/ImageJ, scikit-image, OpenPIV, and PIVlab emphasize scriptable, inspectable, and reusable processing pipelines rather than one-off manual interpretation \cite{Schindelin2012Fiji,VanDerWalt2014ScikitImage,OpenPIV,ThielickeSonntag2021PIVlab}.	这一判断也符合更广泛的科学图像处理实践：Fiji/ImageJ、scikit-image、OpenPIV 和 PIVlab 等成熟开源生态都强调可脚本化、可审计、可复用的处理流程，而不是一次性的人工解释 \cite{Schindelin2012Fiji,VanDerWalt2014ScikitImage,OpenPIV,ThielickeSonntag2021PIVlab}。	Supports the open-source, reusable image-processing ecosystem argument.	用于支撑开源、可复用图像处理生态在科学工作流中的作用。	Downloaded legal open PDF from https://peerj.com/articles/453.pdf?download=1
ThielickeSonntag2021PIVlab	Article	true	Thielicke, William and Sonntag, Rene	2021	Particle Image Velocimetry for MATLAB: Accuracy and Enhanced Algorithms in PIVlab	Journal of Open Research Software		9	1	12	10.5334/jors.334					https://doi.org/10.5334/jors.334	downloaded	reference_sources/ThielickeSonntag2021PIVlab.pdf		thesis.tex:105 || thesis.tex:329	thesis_zh.tex:119 || thesis_zh.tex:347	This concern is consistent with broader scientific-image-processing practice: mature open-source ecosystems such as Fiji/ImageJ, scikit-image, OpenPIV, and PIVlab emphasize scriptable, inspectable, and reusable processing pipelines rather than one-off manual interpretation \cite{Schindelin2012Fiji,VanDerWalt2014ScikitImage,OpenPIV,ThielickeSonntag2021PIVlab}. || The criticism is not directed at MATLAB as a language: PIVlab, for example, is a mature MATLAB-based open-source PIV toolbox \cite{ThielickeSonntag2021PIVlab}.	这一判断也符合更广泛的科学图像处理实践：Fiji/ImageJ、scikit-image、OpenPIV 和 PIVlab 等成熟开源生态都强调可脚本化、可审计、可复用的处理流程，而不是一次性的人工解释 \cite{Schindelin2012Fiji,VanDerWalt2014ScikitImage,OpenPIV,ThielickeSonntag2021PIVlab}。 || 这里批评的并不是 MATLAB 语言本身：例如 PIVlab 就是一个成熟的 MATLAB 开源 PIV 工具箱 \cite{ThielickeSonntag2021PIVlab}。	Supports the comparison to mature MATLAB-based PIV tooling while distinguishing tool maturity from local batch architecture.	用于支撑与成熟 MATLAB PIV 工具的比较，同时区分工具本身和本地批处理架构限制。	Downloaded legal open PDF from https://openresearchsoftware.metajnl.com/articles/334/files/submission/proof/334-1-4984-1-10-20210531.pdf
OpenPIV	Misc	true	OpenPIV Community	n.d.	OpenPIV: Open Source Particle Image Velocimetry							https://www.openpiv.net/			Accessed 14 April 2026	https://www.openpiv.net/	downloaded	reference_sources/OpenPIV.html		thesis.tex:105	thesis_zh.tex:119	This concern is consistent with broader scientific-image-processing practice: mature open-source ecosystems such as Fiji/ImageJ, scikit-image, OpenPIV, and PIVlab emphasize scriptable, inspectable, and reusable processing pipelines rather than one-off manual interpretation \cite{Schindelin2012Fiji,VanDerWalt2014ScikitImage,OpenPIV,ThielickeSonntag2021PIVlab}.	这一判断也符合更广泛的科学图像处理实践：Fiji/ImageJ、scikit-image、OpenPIV 和 PIVlab 等成熟开源生态都强调可脚本化、可审计、可复用的处理流程，而不是一次性的人工解释 \cite{Schindelin2012Fiji,VanDerWalt2014ScikitImage,OpenPIV,ThielickeSonntag2021PIVlab}。	Supports the broader context of open, scriptable particle-image and flow-analysis tools.	用于支撑开放、可脚本化的粒子图像和流场分析工具背景。	Saved public HTML page from https://www.openpiv.net/
CurtisNiemeyerSung2017	Article	true	Curtis, Nicholas J. and Niemeyer, Kyle E. and Sung, Chih-Jen	2017	An Investigation of GPU-Based Stiff Chemical Kinetics Integration Methods	Combustion and Flame		179		312-324	10.1016/j.combustflame.2017.02.005					https://doi.org/10.1016/j.combustflame.2017.02.005	downloaded	reference_sources/CurtisNiemeyerSung2017.pdf		thesis.tex:71	thesis_zh.tex:85	In a reacting diesel-spray LES example cited in combustion-computing literature, one high-resolution realization with up to 22~million cells and a 54-species \(n\)-dodecane mechanism required about 48,000~CPU core-hours and up to 20~days of wall-clock time for only \SI{2}{ms} after start of injection \cite{CurtisNiemeyerSung2017}.	燃烧计算文献中引用的一个反应柴油喷雾 LES 例子显示，单个高分辨率 realization 使用最高 2200 万网格和 54 组分 \(n\)-dodecane 机理，仅计算喷射开始后 \SI{2}{ms}，就需要约 48,000 个 CPU core-hours，并且最长 wall-clock 时间达到 20 天 \cite{CurtisNiemeyerSung2017}。	Supports the high computational cost example for reacting diesel-spray simulation.	用于支撑反应柴油喷雾仿真计算成本极高的例子。	Downloaded legal open PDF from https://arxiv.org/pdf/1607.03884
Segatori2023DFILES	Article	true	Segatori, Alberto and others	2023	Exploiting the Potential of Large Eddy Simulations (LES) for Ducted Fuel Injection Investigation in Non-Reacting Conditions	International Journal of Multiphase Flow					10.1016/j.ijmultiphaseflow.2023.104686					https://doi.org/10.1016/j.ijmultiphaseflow.2023.104686	manual_required		No clearly legal open PDF/HTML download was found automatically; use the DOI/URL manually or through institutional access if needed.	thesis.tex:79	thesis_zh.tex:93	Recent LES studies also treat computational cost as a central design constraint; for example, one ducted-fuel-injection LES study reports that a multi-slice ensemble strategy saved about 447,000~core-hours for one configuration compared with a more direct sampling approach \cite{Segatori2023DFILES}.	近期 LES 研究也将计算成本视为核心设计约束；例如，一个 ducted-fuel-injection LES 研究报告称，相比更直接的采样策略，多切片 ensemble 方法在单个构型上节省了约 447,000 个 core-hours \cite{Segatori2023DFILES}。	Supports the claim that LES spray studies treat computational cost as a central design constraint.	用于支撑 LES 喷雾研究中计算成本是核心设计约束的论述。	Checked direct URL, arXiv when applicable, and OpenAlex OA metadata.
MeijerECN2012	Article	true	Meijer, M. and Somers, L. M. T. and Johnson, J. and Naber, J. and Lee, S.-Y. and Malbec, L.-M. and Bruneaux, G. and Pickett, L. M. and Bardi, M. and Payri, R. and Bazyn, T.	2012	Engine Combustion Network (ECN): Characterization and Comparison of Boundary Conditions for Different Combustion Vessels	Atomization and Sprays		22	9	777-806	10.1615/AtomizSpr.2012006083					https://doi.org/10.1615/AtomizSpr.2012006083	manual_required		No clearly legal open PDF/HTML download was found automatically; use the DOI/URL manually or through institutional access if needed.	thesis.tex:234	thesis_zh.tex:250	By testing nominally identical injectors (Spray~A and Spray~D) across multiple institutions, ECN found measurable inter-facility variation in liquid-penetration values and explicitly concluded that optically measured liquid boundaries should be understood as quantities defined by a particular measurement protocol, not as absolute ground-truth representations of the liquid phase \cite{ecn_liquid_penetration,ecn_liquid_penetration_accessory,MeijerECN2012}.	ECN 通过在多个机构采用名义上相同的喷油器（Spray A 和 Spray D）进行对比实验，发现液相穿深的数值随测量方法和后处理定义的变化而存在可观测的差异；ECN 的文档明确指出，光学液相边界应被理解为特定测量定义下的量，而非绝对意义上的液相真值 \cite{ecn_liquid_penetration,ecn_liquid_penetration_accessory,MeijerECN2012}。	Supports ECN benchmark context and cross-facility comparison of spray boundary conditions.	用于支撑 ECN 基准实验背景和跨机构喷雾边界条件比较。	Checked direct URL, arXiv when applicable, and OpenAlex OA metadata.
StumppRicco1996	TechReport	true	Stumpp, G. and Ricco, M.	1996	Common Rail-An Attractive Fuel Injection System for Passenger Car DI Diesel Engines		SAE International		960870		10.4271/960870					https://doi.org/10.4271/960870	manual_required		No clearly legal open PDF/HTML download was found automatically; use the DOI/URL manually or through institutional access if needed.	thesis.tex:177	thesis_zh.tex:193	In a common-rail injection system, the needle-valve opening and closing events are finite-time mechanical transients: before the needle is fully lifted, the effective flow area through the nozzle varies with time, directly affecting the instantaneous injection rate and the near-nozzle flow field \cite{StumppRicco1996,HiroyasuArai1990}.	共轨喷射系统中，针阀的开启与关闭过程是有限时间的机械瞬态：在针阀完全抬起之前，有效喷嘴流通截面随时间变化，直接影响即时喷射率和近嘴处的流场结构 \cite{StumppRicco1996,HiroyasuArai1990}。	Supports the injector-hardware transient discussion for common-rail needle and flow-area dynamics.	用于支撑共轨喷射系统中针阀和有效流通截面瞬态的讨论。	Checked direct URL, arXiv when applicable, and OpenAlex OA metadata.
VazKarathanasis2026	Article	true	Justino Vaz, Marilia Gabriela and Karathanassis, Ioannis K. and Gavaises, Manolis and Mouokue, Gerard	2026	Data-Driven Prediction of Spray Macroscopic Characteristics for Marine Injectors Using Neural Networks	Fuel		405		136736	10.1016/j.fuel.2025.136736					https://doi.org/10.1016/j.fuel.2025.136736	downloaded	reference_sources/VazKarathanasis2026.pdf		thesis.tex:238	thesis_zh.tex:254	Neural-network approaches have been used to map operating-condition parameters directly to spray tip penetration and cone angle without requiring a full CFD computation as an intermediate step, with several studies reporting prediction accuracy approaching 95\% \cite{VazKarathanasis2026,liu2020sprayreview}.	基于神经网络的方法已被用于从工况参数直接预测穿深和锥角等喷雾宏观量，无需完整的 CFD 计算作为中间层，并在多项研究中报告了接近 95\% 的预测精度 \cite{VazKarathanasis2026,liu2020sprayreview}。	Supports the feasibility of data-driven neural-network prediction of marine-injector spray macroscopic characteristics.	用于支撑神经网络预测船用喷嘴宏观喷雾特性的可行性。	Downloaded legal open PDF from https://openaccess.city.ac.uk/id/eprint/35823/1/1-s2.0-S0016236125024615-main.pdf
KangKang2024KDRegression	Article	true	Kang, Myeonginn and Kang, Seokho	2024	Knowledge Distillation with Insufficient Training Data for Regression	Engineering Applications of Artificial Intelligence		132		108001	10.1016/j.engappai.2024.108001					https://doi.org/10.1016/j.engappai.2024.108001	manual_required		No clearly legal open PDF/HTML download was found automatically; use the DOI/URL manually or through institutional access if needed.	thesis.tex:253	thesis_zh.tex:269	Knowledge distillation for regression under data scarcity has been shown to reduce student prediction error substantially in regimes where the original training set is incomplete, because the teacher provides stable soft targets in regions where direct labels are absent \cite{KangKang2024KDRegression}.	回归场景下的知识蒸馏在训练数据不足时尤其有效：教师在直接标签稀疏区域提供稳定的软目标，从而降低学生在数据缺失区域的过拟合风险 \cite{KangKang2024KDRegression}。	Supports knowledge distillation specifically in regression with insufficient training data.	用于支撑训练数据不足时在回归任务中采用知识蒸馏。	Checked direct URL, arXiv when applicable, and OpenAlex OA metadata.
Baumgarten2006MixFormation	Book	true	Baumgarten, Carsten	2006	Mixture Formation in Internal Combustion Engines		Springer				10.1007/3-540-30836-9					https://doi.org/10.1007/3-540-30836-9	manual_required		No clearly legal open PDF/HTML download was found automatically; use the DOI/URL manually or through institutional access if needed.	thesis.tex:261	thesis_zh.tex:277	In engineering practice, the most direct approach for impingement screening is to compare the liquid-phase spray-tip penetration $S_\mathrm{tip}(t)$ against the nozzle-to-wall distance $L_\mathrm{wall}$: impingement is flagged when $S_\mathrm{tip}(t) \geq L_\mathrm{wall}$ \cite{Baumgarten2006MixFormation}. || Baumgarten's systematic treatment of mixture formation in internal combustion engines identifies penetration correlations as the baseline tool for simplified spray trajectory description, and penetration-to-wall-distance comparison as the standard first-order impingement criterion \cite{Baumgarten2006MixFormation}.	在工程实践中，判断撞壁风险最直接的方法是将液相尖端穿深 $S_\mathrm{tip}(t)$ 与喷嘴到目标壁面的距离 $L_\mathrm{wall}$ 相比较：当 $S_\mathrm{tip}(t) \geq L_\mathrm{wall}$ 时，判定为发生撞壁 \cite{Baumgarten2006MixFormation}。 || Baumgarten 在对内燃机混合气形成的系统梳理中指出，穿深关联式是简化喷雾轨迹的基础工具，而将穿深与几何距离比较则是撞壁筛查最常用的第一级判断准则 \cite{Baumgarten2006MixFormation}。	Supports the first-level wall-impingement criterion that compares spray-tip penetration with wall distance.	用于支撑将喷雾尖端穿深与壁距比较作为一级撞壁筛查准则。	Checked direct URL, arXiv when applicable, and OpenAlex OA metadata.
MorieiraMotaPanao2010	Article	true	Moreira, A. L. N. and Moita, A. S. and Panao, M. R.	2010	Advances and Challenges in Explaining Fuel Spray Impingement: How Much of Single Droplet Impact Research Is Useful?	Progress in Energy and Combustion Science		36	5	554-580	10.1016/j.pecs.2010.01.002					https://doi.org/10.1016/j.pecs.2010.01.002	manual_required		No clearly legal open PDF/HTML download was found automatically; use the DOI/URL manually or through institutional access if needed.	thesis.tex:259	thesis_zh.tex:275	If liquid fuel reaches the piston bowl or cylinder wall before evaporation or ignition, a fuel film forms on the surface, causing wall wetting, locally deteriorated mixing, elevated unburned-hydrocarbon emissions, and lubricant dilution \cite{peraza2022swi,ahmad2025fueldilution,MorieiraMotaPanao2010}. || } note in their review that single-droplet impact research has built a substantial knowledge base, yet direct translation to continuous spray impingement remains challenging because the collective behavior of a spray plume is modulated by neighboring droplet interactions, residual wall film, and secondary atomization effects that are absent from isolated droplet experiments \cite{MorieiraMotaPanao2010}.	若液态燃料在蒸发或点火之前到达活塞顶或缸壁，将在壁面形成燃料液膜，导致壁面润湿、局部混合恶化、未燃碳氢排放升高以及机油稀释 \cite{peraza2022swi,ahmad2025fueldilution,MorieiraMotaPanao2010}。 || 这一问题不局限于单次液滴碰壁的微观物理，而延伸至喷油策略与燃烧室几何的宏观协调：Moreira 等人在综述中指出，单液滴撞壁研究积累了丰富的基础知识，但将其直接推广到连续喷雾场时仍面临多重挑战，因为喷雾的整体撞壁行为受邻近液滴间流场干扰、液膜残留和二次雾化等群体效应制约 \cite{MorieiraMotaPanao2010}。	Supports the broader spray-impingement physics context and the difficulty of scaling droplet-impact knowledge to full sprays.	用于支撑喷雾撞壁物理背景，以及从单液滴碰壁推广到整体喷雾的困难。	Checked direct URL, arXiv when applicable, and OpenAlex OA metadata.
Park2018WallImpingement	Article	true	Park, Junkyu and Kim, Taehoon and Kim, Donghwan and Park, Sungwook	2018	Prediction of Wall Impingement in a Direct Injection Spark Ignition Engine by Analyzing Spray Images for High-Pressure Injection up to 50 MPa	Fuel Processing Technology		179		238-249	10.1016/j.fuproc.2018.07.002					https://doi.org/10.1016/j.fuproc.2018.07.002	manual_required		No clearly legal open PDF/HTML download was found automatically; use the DOI/URL manually or through institutional access if needed.	thesis.tex:261	thesis_zh.tex:277	}\ extended this idea to high-pressure gasoline direct injection by reconstructing the radial fuel-mass distribution from spray images, and using that distribution together with injection timing data to quantify the fuel-mass fraction impinging on the piston and cylinder wall; they found that impingement decreases with injection pressure as atomization improves, and demonstrated that image-based analysis can provide quantitative impingement estimates without full CFD \cite{Park2018WallImpingement}.	Park 等人将这一思路进一步扩展到高压汽油直喷场景：利用喷雾图像重建燃油质量径向分布，结合不同喷射时序，量化了打到活塞和缸壁上的燃油质量份额，发现注射压力升高时撞壁量随雾化改善而下降，同时说明图像分析方法可以在无需完整 CFD 的条件下提供撞壁风险的定量估计 \cite{Park2018WallImpingement}。	Supports image-based wall-impingement prediction as a lower-cost alternative to full CFD.	用于支撑基于图像分析进行撞壁预测可以作为低成本工程估计路径。	Checked direct URL, arXiv when applicable, and OpenAlex OA metadata.
Hornik1989UAT	Article	true	Hornik, Kurt and Stinchcombe, Maxwell and White, Halbert	1989	Multilayer Feedforward Networks Are Universal Approximators	Neural Networks		2	5	359--366	10.1016/0893-6080(89)90020-8					https://doi.org/10.1016/0893-6080(89)90020-8	downloaded			thesis.tex		The model is treated as a surrogate function approximator \cite{Hornik1989UAT}		Supports the use of MLPs as universal function approximators, providing the theoretical basis for the surrogate regression approach.	支持将多层前馈网络作为通用函数逼近器的理论依据，为代理模型回归方法提供理论基础。	DOI verified.
